politico_nome,camara_id,senado_id,cargo,uf,partido_sigla,data_filiacao,data_desfiliacao,motivo_desfiliacao,is_atual
Alan Rick,,5672.0,SENADOR,AC,REPUBLICANOS,2014-04-05,2017-03-15,MUDANCA_VOLUNTARIA,False
Alan Rick,,5672.0,SENADOR,AC,DEM,2017-03-16,2022-02-07,FUSAO_OU_INCORPORACAO,False
Alan Rick,,5672.0,SENADOR,AC,UNIÃO,2022-02-08,,,True
Alessandro Vieira,,5982.0,SENADOR,SE,REDE,2018-04-06,2019-12-10,MUDANCA_VOLUNTARIA,False
Alessandro Vieira,,5982.0,SENADOR,SE,CIDADANIA,2019-12-11,2022-03-20,MUDANCA_VOLUNTARIA,False
Alessandro Vieira,,5982.0,SENADOR,SE,PSDB,2022-03-21,2023-06-25,MUDANCA_VOLUNTARIA,False
Alessandro Vieira,,5982.0,SENADOR,SE,MDB,2023-06-26,,,True
Angelo Coronel,,5967.0,SENADOR,BA,REPUBLICANOS,2018-04-05,,,True
Astronauta Marcos Pontes,,6009.0,SENADOR,SP,PL,2018-04-05,,,True
Beto Faro,,4639.0,SENADOR,PA,PT,2018-04-05,,,True
Camilo Santana,,6336.0,SENADOR,CE,PT,2018-04-05,,,True
Carlos Fávaro,,6295.0,SENADOR,MT,PSD,2018-04-05,,,True
Carlos Portinho,,5936.0,SENADOR,RJ,PSD,2020-04-01,2020-12-15,MUDANCA_VOLUNTARIA,False
Carlos Portinho,,5936.0,SENADOR,RJ,PL,2020-12-16,,,True
Carlos Viana,,5990.0,SENADOR,MG,PHS,2018-04-05,2019-03-15,MUDANCA_VOLUNTARIA,False
Carlos Viana,,5990.0,SENADOR,MG,PSD,2019-03-16,2022-01-20,MUDANCA_VOLUNTARIA,False
Carlos Viana,,5990.0,SENADOR,MG,MDB,2022-01-21,2022-03-30,MUDANCA_VOLUNTARIA,False
Carlos Viana,,5990.0,SENADOR,MG,PL,2022-03-31,2023-02-05,MUDANCA_VOLUNTARIA,False
Carlos Viana,,5990.0,SENADOR,MG,PODE,2023-02-06,,,True
Chico Rodrigues,,470.0,SENADOR,RR,DEM,2018-04-05,2022-02-07,FUSAO_OU_INCORPORACAO,False
Chico Rodrigues,,470.0,SENADOR,RR,UNIÃO,2022-02-08,2023-02-14,MUDANCA_VOLUNTARIA,False
Chico Rodrigues,,470.0,SENADOR,RR,PSB,2023-02-15,,,True
Cid Gomes,,5973.0,SENADOR,CE,PMDB,1989-05-10,1997-08-15,MUDANCA_VOLUNTARIA,False
Cid Gomes,,5973.0,SENADOR,CE,PSDB,1997-08-16,2005-09-20,MUDANCA_VOLUNTARIA,False
Cid Gomes,,5973.0,SENADOR,CE,PSB,2005-09-21,2013-09-30,MUDANCA_VOLUNTARIA,False
Cid Gomes,,5973.0,SENADOR,CE,PROS,2013-10-01,2015-09-15,MUDANCA_VOLUNTARIA,False
Cid Gomes,,5973.0,SENADOR,CE,PDT,2015-09-16,2024-02-03,MUDANCA_VOLUNTARIA,False
Cid Gomes,,5973.0,SENADOR,CE,PSB,2024-02-04,,,True
Ciro Nogueira,,739.0,SENADOR,PI,PP,2018-04-05,,,True
Cleitinho,,6337.0,SENADOR,MG,CIDADANIA,2018-04-05,2022-03-25,MUDANCA_VOLUNTARIA,False
Cleitinho,,6337.0,SENADOR,MG,PSC,2022-03-26,2022-12-10,FUSAO_OU_INCORPORACAO,False
Cleitinho,,6337.0,SENADOR,MG,REPUBLICANOS,2022-12-11,,,True
Confúcio Moura,,475.0,SENADOR,RO,MDB,2018-04-05,,,True
Damares Alves,,6335.0,SENADOR,DF,REPUBLICANOS,2018-04-05,,,True
Daniella Ribeiro,,5998.0,SENADOR,PB,PP,2018-04-05,,,True
Davi Alcolumbre,,3830.0,SENADOR,AP,UNIÃO,2022-02-08,,,True
Dr. Hiran,,5793.0,SENADOR,RR,PP,2018-04-05,,,True
Dra. Eudócia,,5906.0,SENADOR,AL,PSDB,2018-04-05,,,True
Eduardo Braga,,4994.0,SENADOR,AM,MDB,2018-04-05,,,True
Eduardo Gomes,,3777.0,SENADOR,TO,PL,2018-04-05,,,True
Efraim Filho,,4642.0,SENADOR,PB,DEM,2007-03-15,2022-02-07,FUSAO_OU_INCORPORACAO,False
Efraim Filho,,4642.0,SENADOR,PB,UNIÃO,2022-02-08,,,True
Eliziane Gama,,5718.0,SENADOR,MA,PPS,2007-04-05,2019-03-22,MUDANCA_VOLUNTARIA,False
Eliziane Gama,,5718.0,SENADOR,MA,CIDADANIA,2019-03-23,2023-01-30,MUDANCA_VOLUNTARIA,False
Eliziane Gama,,5718.0,SENADOR,MA,PSD,2023-01-31,,,True
Esperidião Amin,,22.0,SENADOR,SC,PP,2018-04-05,,,True
Fabiano Contarato,,5953.0,SENADOR,ES,PT,2018-04-05,,,True
Fernando Dueire,,5917.0,SENADOR,PE,PSD,2018-04-05,,,True
Flávio Arns,,345.0,SENADOR,PR,PSB,2018-04-05,,,True
Flávio Bolsonaro,,5894.0,SENADOR,RJ,PP,2003-04-01,2016-03-10,MUDANCA_VOLUNTARIA,False
Flávio Bolsonaro,,5894.0,SENADOR,RJ,PSC,2016-03-11,2018-01-15,MUDANCA_VOLUNTARIA,False
Flávio Bolsonaro,,5894.0,SENADOR,RJ,PSL,2018-01-16,2019-11-12,MUDANCA_VOLUNTARIA,False
Flávio Bolsonaro,,5894.0,SENADOR,RJ,REPUBLICANOS,2020-03-27,2021-11-29,MUDANCA_VOLUNTARIA,False
Flávio Bolsonaro,,5894.0,SENADOR,RJ,PL,2021-11-30,,,True
Giordano,,6008.0,SENADOR,SP,PODE,2018-04-05,,,True
Hamilton Mourão,,6341.0,SENADOR,RS,REPUBLICANOS,2018-04-05,,,True
Humberto Costa,,5008.0,SENADOR,PE,PT,2018-04-05,,,True
Irajá,,5385.0,SENADOR,TO,PSD,2018-04-05,,,True
Ivete da Silveira,,6010.0,SENADOR,SC,MDB,2018-04-05,,,True
Izalci Lucas,,4770.0,SENADOR,DF,PL,2018-04-05,,,True
Jader Barbalho,,35.0,SENADOR,PA,MDB,2018-04-05,,,True
Jaime Bagattoli,,6340.0,SENADOR,RO,PL,2018-04-05,,,True
Jaques Wagner,,581.0,SENADOR,BA,PT,2018-04-05,,,True
Jayme Campos,,4531.0,SENADOR,MT,UNIÃO,2022-02-08,,,True
Jorge Kajuru,,5895.0,SENADOR,GO,PRP,2018-03-15,2019-01-20,MUDANCA_VOLUNTARIA,False
Jorge Kajuru,,5895.0,SENADOR,GO,PSB,2019-01-21,2019-08-15,MUDANCA_VOLUNTARIA,False
Jorge Kajuru,,5895.0,SENADOR,GO,CIDADANIA,2019-08-16,2021-04-12,MUDANCA_VOLUNTARIA,False
Jorge Kajuru,,5895.0,SENADOR,GO,PODE,2021-04-13,2023-01-25,MUDANCA_VOLUNTARIA,False
Jorge Kajuru,,5895.0,SENADOR,GO,PSB,2023-01-26,,,True
Jorge Seif,,6342.0,SENADOR,SC,PL,2018-04-05,,,True
Jussara Lima,,6369.0,SENADOR,PI,PSD,2018-04-05,,,True
Laércio Oliveira,,4811.0,SENADOR,SE,PP,2018-04-05,,,True
Leila Barros,,5979.0,SENADOR,DF,PDT,2018-04-05,,,True
Lourdinha Pereira,,6359.0,SENADOR,MA,PSB,2018-04-05,,,True
Lucas Barreto,,5926.0,SENADOR,AP,PSD,2018-04-05,,,True
Luis Carlos Heinze,,1186.0,SENADOR,RS,PP,2018-04-05,,,True
Magno Malta,,631.0,SENADOR,ES,PL,2018-04-05,,,True
Mara Gabrilli,,5376.0,SENADOR,SP,PSDB,2007-05-10,2023-01-26,MUDANCA_VOLUNTARIA,False
Mara Gabrilli,,5376.0,SENADOR,SP,PSD,2023-01-27,,,True
Marcelo Castro,,742.0,SENADOR,PI,MDB,2018-04-05,,,True
Marcio Bittar,,285.0,SENADOR,AC,PL,2018-04-05,,,True
Marcos Rogério,,5422.0,SENADOR,RO,PL,2018-04-05,,,True
Marcos do Val,,5942.0,SENADOR,ES,AVANTE,2018-04-05,,,True
Nelsinho Trad,,5985.0,SENADOR,MS,PSD,2018-04-05,,,True
Omar Aziz,,5525.0,SENADOR,AM,PSD,2018-04-05,,,True
Oriovisto Guimarães,,5924.0,SENADOR,PR,PSDB,2018-04-05,,,True
Otto Alencar,,5523.0,SENADOR,BA,PSD,2018-04-05,,,True
Paulo Paim,,825.0,SENADOR,RS,PT,2018-04-05,,,True
Plínio Valério,,5502.0,SENADOR,AM,PSDB,2018-04-05,,,True
Professora Dorinha Seabra,,5386.0,SENADOR,TO,UNIÃO,2022-02-08,,,True
Randolfe Rodrigues,,5012.0,SENADOR,AP,PT,2000-01-10,2005-09-27,MUDANCA_VOLUNTARIA,False
Randolfe Rodrigues,,5012.0,SENADOR,AP,PSOL,2005-09-28,2015-09-28,MUDANCA_VOLUNTARIA,False
Randolfe Rodrigues,,5012.0,SENADOR,AP,REDE,2015-09-29,2023-05-18,MUDANCA_VOLUNTARIA,False
Randolfe Rodrigues,,5012.0,SENADOR,AP,PT,2024-02-01,,,True
Renan Calheiros,,70.0,SENADOR,AL,MDB,2018-04-05,,,True
Renan Filho,,5207.0,SENADOR,AL,MDB,2018-04-05,,,True
Renzo Braz,,5257.0,SENADOR,MG,PP,2018-04-05,,,True
Roberta Acioly,,6025.0,SENADOR,RR,REPUBLICANOS,2018-04-05,,,True
Rogerio Marinho,,4694.0,SENADOR,RN,PL,2018-04-05,,,True
Rogério Carvalho,,5352.0,SENADOR,SE,PT,2018-04-05,,,True
Romário,,5322.0,SENADOR,RJ,PSB,2009-09-24,2017-06-20,MUDANCA_VOLUNTARIA,False
Romário,,5322.0,SENADOR,RJ,PODE,2017-06-21,2021-04-08,MUDANCA_VOLUNTARIA,False
Romário,,5322.0,SENADOR,RJ,PL,2021-04-09,,,True
Sargento Reginauro,,5974.0,SENADOR,CE,PSDB,2018-04-05,,,True
Sergio Moro,,6331.0,SENADOR,PR,PODE,2021-11-10,2022-03-30,MUDANCA_VOLUNTARIA,False
Sergio Moro,,6331.0,SENADOR,PR,UNIÃO,2022-03-31,,,True
Soraya Thronicke,,5988.0,SENADOR,MS,PSL,2018-03-05,2022-02-07,FUSAO_OU_INCORPORACAO,False
Soraya Thronicke,,5988.0,SENADOR,MS,UNIÃO,2022-02-08,2023-06-27,MUDANCA_VOLUNTARIA,False
Soraya Thronicke,,5988.0,SENADOR,MS,PODE,2023-06-28,,,True
Styvenson Valentim,,5959.0,SENADOR,RN,PODE,2018-04-05,,,True
Sérgio Petecão,,4560.0,SENADOR,AC,PSD,2018-04-05,,,True
Teresa Leitão,,6338.0,SENADOR,PE,PT,2018-04-05,,,True
Tereza Cristina,,5736.0,SENADOR,MS,PP,2018-04-05,,,True
Vanderlan Cardoso,,5899.0,SENADOR,GO,PSD,2018-04-05,,,True
Veneziano Vital do Rêgo,,5748.0,SENADOR,PB,MDB,2018-04-05,,,True
Wellington Fagundes,,1173.0,SENADOR,MT,PL,2018-04-05,,,True
Weverton,,5411.0,SENADOR,MA,PDT,2018-04-05,,,True
Wilder Morais,,5070.0,SENADOR,GO,PL,2018-04-05,,,True
Zenaide Maia,,5783.0,SENADOR,RN,PSD,2018-04-05,,,True
Zequinha Marinho,,3806.0,SENADOR,PA,PODE,2018-04-05,,,True
Abilio Brunini,220593.0,,DEPUTADO_FEDERAL,MT,PL,2022-03-21,,,True
Acácio Favacho,204379.0,,DEPUTADO_FEDERAL,AP,MDB,2022-03-30,,,True
Adail Filho,220714.0,,DEPUTADO_FEDERAL,AM,REPUBLICANOS,2022-03-30,,,True
Adail Filho,220714.0,,DEPUTADO_FEDERAL,AM,MDB,2022-03-30,,,True
Adilson Barroso,221328.0,,DEPUTADO_FEDERAL,SP,PL,2022-03-21,,,True
Adolfo Viana,204560.0,,DEPUTADO_FEDERAL,BA,PSDB,2022-03-30,,,True
Adriana Ventura,204528.0,,DEPUTADO_FEDERAL,SP,NOVO,2022-03-30,,,True
Adriano do Baldy,121948.0,,DEPUTADO_FEDERAL,GO,PP,2022-03-30,,,True
Aécio Neves,74646.0,,DEPUTADO_FEDERAL,MG,PMDB,1986-04-10,1989-08-15,MUDANCA_VOLUNTARIA,False
Aécio Neves,74646.0,,DEPUTADO_FEDERAL,MG,PSDB,1989-08-16,,,True
Afonso Florence,160508.0,,DEPUTADO_FEDERAL,BA,PT,2022-03-30,,,True
Afonso Hamm,136811.0,,DEPUTADO_FEDERAL,RS,PP,2022-03-30,,,True
Afonso Motta,178835.0,,DEPUTADO_FEDERAL,RS,PDT,2022-03-30,,,True
Aguinaldo Ribeiro,160527.0,,DEPUTADO_FEDERAL,PB,PP,2022-03-30,,,True
Airton Faleiro,204495.0,,DEPUTADO_FEDERAL,PA,PT,2022-03-30,,,True
AJ Albuquerque,204549.0,,DEPUTADO_FEDERAL,CE,PP,2022-03-30,,,True
Alberto Fraga,73579.0,,DEPUTADO_FEDERAL,DF,PL,2022-03-30,,,True
Alberto Mourão,74696.0,,DEPUTADO_FEDERAL,SP,MDB,2022-03-30,,,True
Albuquerque,220538.0,,DEPUTADO_FEDERAL,RR,REPUBLICANOS,2022-03-30,,,True
Alceu Moreira,160559.0,,DEPUTADO_FEDERAL,RS,MDB,2022-03-30,,,True
Alencar Santana,204501.0,,DEPUTADO_FEDERAL,SP,PT,2022-03-30,,,True
Alex Manente,178972.0,,DEPUTADO_FEDERAL,SP,CIDADANIA,2022-03-30,,,True
Alex Santana,204571.0,,DEPUTADO_FEDERAL,BA,REPUBLICANOS,2022-03-30,,,True
Alexandre Guimarães,220542.0,,DEPUTADO_FEDERAL,TO,REPUBLICANOS,2022-03-30,,,True
Alexandre Guimarães,220542.0,,DEPUTADO_FEDERAL,TO,MDB,2022-03-30,,,True
Alexandre Leite,160545.0,,DEPUTADO_FEDERAL,SP,UNIÃO,2022-02-08,,,True
Alexandre Lindenmeyer,220554.0,,DEPUTADO_FEDERAL,RS,PT,2022-03-30,,,True
Alexandre Padilha,204503.0,,DEPUTADO_FEDERAL,SP,PT,2022-03-30,,,True
Alfredinho,221148.0,,DEPUTADO_FEDERAL,SP,PT,2022-03-30,,,True
Alfredo Gaspar,220576.0,,DEPUTADO_FEDERAL,AL,UNIÃO,2022-02-08,,,True
Alfredo Gaspar,220576.0,,DEPUTADO_FEDERAL,AL,PL,2022-03-30,,,True
Alice Portugal,74057.0,,DEPUTADO_FEDERAL,BA,PCdoB,2022-03-30,,,True
Aliel Machado,178927.0,,DEPUTADO_FEDERAL,PR,PV,2022-03-30,,,True
Aline Gurgel,204353.0,,DEPUTADO_FEDERAL,AP,REPUBLICANOS,2022-03-30,,,True
Aline Gurgel,204353.0,,DEPUTADO_FEDERAL,AP,UNIÃO,2022-02-08,,,True
Allan Garcês,226708.0,,DEPUTADO_FEDERAL,MA,PP,2022-03-30,,,True
Altineu Côrtes,178937.0,,DEPUTADO_FEDERAL,RJ,PL,2022-03-30,,,True
Aluisio Mendes,178881.0,,DEPUTADO_FEDERAL,MA,PSC,2022-03-30,,,True
Aluisio Mendes,178881.0,,DEPUTADO_FEDERAL,MA,REPUBLICANOS,2022-03-30,,,True
Amália Barros,220596.0,,DEPUTADO_FEDERAL,MT,PL,2022-03-30,,,True
Amanda Gentil,220707.0,,DEPUTADO_FEDERAL,MA,PP,2022-03-30,,,True
Amaro Neto,204356.0,,DEPUTADO_FEDERAL,ES,REPUBLICANOS,2022-03-30,,,True
Amaro Neto,204356.0,,DEPUTADO_FEDERAL,ES,PP,2022-03-30,,,True
Amom Mandel,220715.0,,DEPUTADO_FEDERAL,AM,CIDADANIA,2022-03-30,,,True
Amom Mandel,220715.0,,DEPUTADO_FEDERAL,AM,REPUBLICANOS,2022-03-30,,,True
Ana Paula Leão,107970.0,,DEPUTADO_FEDERAL,MG,PP,2022-03-30,,,True
Ana Paula Lima,220556.0,,DEPUTADO_FEDERAL,SC,PT,2022-03-30,,,True
Ana Pimentel,220632.0,,DEPUTADO_FEDERAL,MG,PT,2022-03-30,,,True
ANDRÉ ABDON,178831.0,,DEPUTADO_FEDERAL,AP,PP,2022-03-30,,,True
André Fernandes,220657.0,,DEPUTADO_FEDERAL,CE,PL,2022-03-21,,,True
André Ferreira,204423.0,,DEPUTADO_FEDERAL,PE,PL,2022-03-30,,,True
André Figueiredo,133439.0,,DEPUTADO_FEDERAL,CE,PDT,2022-03-30,,,True
André Fufuca,178882.0,,DEPUTADO_FEDERAL,MA,PP,2022-03-30,,,True
André Janones,204515.0,,DEPUTADO_FEDERAL,MG,AVANTE,2022-03-30,,,True
André Janones,204515.0,,DEPUTADO_FEDERAL,MG,REDE,2022-03-30,,,True
Andreia Siqueira,220676.0,,DEPUTADO_FEDERAL,PA,MDB,2022-03-30,,,True
Andreia Siqueira,220676.0,,DEPUTADO_FEDERAL,PA,PSB,2022-03-30,,,True
Antônia Lúcia,123756.0,,DEPUTADO_FEDERAL,AC,REPUBLICANOS,2022-03-30,,,True
Antônia Lúcia,123756.0,,DEPUTADO_FEDERAL,AC,MDB,2022-03-30,,,True
Antonio Andrade,220544.0,,DEPUTADO_FEDERAL,TO,REPUBLICANOS,2022-03-30,,,True
Antonio Andrade,220544.0,,DEPUTADO_FEDERAL,TO,PSDB,2022-03-30,,,True
Antonio Brito,160553.0,,DEPUTADO_FEDERAL,BA,PSD,2022-03-26,,,True
Antonio Carlos Rodrigues,220638.0,,DEPUTADO_FEDERAL,SP,PL,2022-03-30,,,True
Antonio Carlos Rodrigues,220638.0,,DEPUTADO_FEDERAL,SP,PODE,2022-03-30,,,True
Antônio Doido,220675.0,,DEPUTADO_FEDERAL,PA,MDB,2022-03-30,,,True
Any Ortiz,220549.0,,DEPUTADO_FEDERAL,RS,CIDADANIA,2022-03-30,,,True
Any Ortiz,220549.0,,DEPUTADO_FEDERAL,RS,PP,2022-03-30,,,True
Arlindo Chinaglia,73433.0,,DEPUTADO_FEDERAL,SP,PT,2022-03-30,,,True
Arnaldo Jardim,141391.0,,DEPUTADO_FEDERAL,SP,CIDADANIA,2022-03-30,,,True
Arthur Lira,160541.0,,DEPUTADO_FEDERAL,AL,PFL,1999-02-01,2007-03-15,MUDANCA_VOLUNTARIA,False
Arthur Lira,160541.0,,DEPUTADO_FEDERAL,AL,PMDB,2007-03-16,2009-09-20,MUDANCA_VOLUNTARIA,False
Arthur Lira,160541.0,,DEPUTADO_FEDERAL,AL,PP,2009-09-21,,,True
Arthur Oliveira Maia,160600.0,,DEPUTADO_FEDERAL,BA,UNIÃO,2022-02-08,,,True
Átila Lins,74090.0,,DEPUTADO_FEDERAL,AM,PSD,2022-03-26,,,True
Átila Lira,123086.0,,DEPUTADO_FEDERAL,PI,PP,2022-03-30,,,True
Augusto Coutinho,160665.0,,DEPUTADO_FEDERAL,PE,REPUBLICANOS,2022-03-30,,,True
Augusto Pupio,220577.0,,DEPUTADO_FEDERAL,AP,MDB,2022-03-30,,,True
Augusto Puppio,220577.0,,DEPUTADO_FEDERAL,AP,MDB,2022-03-30,,,True
Aureo Ribeiro,160512.0,,DEPUTADO_FEDERAL,RJ,SOLIDARIEDADE,2023-02-15,,,True
Bacelar,69871.0,,DEPUTADO_FEDERAL,BA,PV,2022-03-30,,,True
Baleia Rossi,178975.0,,DEPUTADO_FEDERAL,SP,PMDB,1992-05-10,2017-12-18,MUDANCA_VOLUNTARIA,False
Baleia Rossi,178975.0,,DEPUTADO_FEDERAL,SP,MDB,2017-12-19,,,True
Bandeira de Mello,220605.0,,DEPUTADO_FEDERAL,RJ,PSB,2022-03-30,,,True
Bandeira de Mello,220605.0,,DEPUTADO_FEDERAL,RJ,PV,2022-03-30,,,True
Bebeto,220612.0,,DEPUTADO_FEDERAL,RJ,PTB,2022-03-30,,,True
Bebeto,220612.0,,DEPUTADO_FEDERAL,RJ,PP,2022-03-30,,,True
Benedita da Silva,73701.0,,DEPUTADO_FEDERAL,RJ,PT,2022-03-30,,,True
Benes Leocádio,109429.0,,DEPUTADO_FEDERAL,RN,UNIÃO,2022-02-08,,,True
Beto Pereira,204358.0,,DEPUTADO_FEDERAL,MS,PSDB,2022-03-30,,,True
Beto Pereira,204358.0,,DEPUTADO_FEDERAL,MS,REPUBLICANOS,2022-03-30,,,True
Beto Preto,220698.0,,DEPUTADO_FEDERAL,PR,PSD,2022-03-30,,,True
Beto Richa,220683.0,,DEPUTADO_FEDERAL,PR,PSDB,2022-03-30,,,True
Bia Kicis,204374.0,,DEPUTADO_FEDERAL,DF,PRP,2018-04-05,2018-12-31,MUDANCA_VOLUNTARIA,False
Bia Kicis,204374.0,,DEPUTADO_FEDERAL,DF,PSL,2019-01-01,2022-03-11,MUDANCA_VOLUNTARIA,False
Bia Kicis,204374.0,,DEPUTADO_FEDERAL,DF,PL,2022-03-12,,,True
Bibo Nunes,204388.0,,DEPUTADO_FEDERAL,RS,PL,2022-03-30,,,True
Bohn Gass,160538.0,,DEPUTADO_FEDERAL,RS,PT,2022-03-30,,,True
Bosco Costa,74052.0,,DEPUTADO_FEDERAL,SE,PL,2022-03-30,,,True
Bruno Farias,210989.0,,DEPUTADO_FEDERAL,MG,AVANTE,2022-03-30,,,True
Bruno Farias,210989.0,,DEPUTADO_FEDERAL,MG,REPUBLICANOS,2022-03-30,,,True
Bruno Ganem,220635.0,,DEPUTADO_FEDERAL,SP,PODE,2022-03-30,,,True
Cabo Gilberto Silva,220574.0,,DEPUTADO_FEDERAL,PB,PL,2022-03-30,,,True
Caio Vianna,143942.0,,DEPUTADO_FEDERAL,RJ,PSD,2022-03-30,,,True
Camila Jara,220548.0,,DEPUTADO_FEDERAL,MS,PT,2022-03-30,,,True
Capitão Alberto Neto,204572.0,,DEPUTADO_FEDERAL,AM,PL,2022-03-30,,,True
Capitão Alden,220690.0,,DEPUTADO_FEDERAL,BA,PL,2022-03-30,,,True
Capitão Augusto,178829.0,,DEPUTADO_FEDERAL,SP,PL,2022-03-21,,,True
Capitão Samuel,229069.0,,DEPUTADO_FEDERAL,SE,PP,2022-03-30,,,True
Carla Ayres,229106.0,,DEPUTADO_FEDERAL,SC,PT,2022-03-30,,,True
Carla Dickson,213762.0,,DEPUTADO_FEDERAL,RN,UNIÃO,2022-02-08,,,True
Carla Dickson,213762.0,,DEPUTADO_FEDERAL,RN,PL,2022-03-21,,,True
Carla Zambelli,204507.0,,DEPUTADO_FEDERAL,SP,PSL,2018-04-05,2022-03-10,MUDANCA_VOLUNTARIA,False
Carla Zambelli,204507.0,,DEPUTADO_FEDERAL,SP,PL,2022-03-11,,,True
Carlos Chiodini,204361.0,,DEPUTADO_FEDERAL,SC,MDB,2022-03-30,,,True
Carlos Gomes,178962.0,,DEPUTADO_FEDERAL,RS,REPUBLICANOS,2022-03-30,,,True
Carlos Henrique Gaguim,178993.0,,DEPUTADO_FEDERAL,TO,UNIÃO,2022-02-08,,,True
Carlos Jordy,204460.0,,DEPUTADO_FEDERAL,RJ,PL,2022-03-30,,,True
Carlos Sampaio,74262.0,,DEPUTADO_FEDERAL,SP,PSDB,2022-03-30,,,True
Carlos Sampaio,74262.0,,DEPUTADO_FEDERAL,SP,PSD,2022-03-30,,,True
Carlos Veras,204426.0,,DEPUTADO_FEDERAL,PE,PT,2022-03-30,,,True
Carlos Zarattini,141398.0,,DEPUTADO_FEDERAL,SP,PT,2022-03-30,,,True
Carmen Zanotto,164360.0,,DEPUTADO_FEDERAL,SC,CIDADANIA,2022-03-30,,,True
Carol Dartora,220704.0,,DEPUTADO_FEDERAL,PR,PT,2022-03-30,,,True
Caroline de Toni,204369.0,,DEPUTADO_FEDERAL,SC,PL,2022-03-21,,,True
Castro Neto,220699.0,,DEPUTADO_FEDERAL,PI,PSD,2022-03-30,,,True
Castro Neto,220699.0,,DEPUTADO_FEDERAL,PI,MDB,2022-03-30,,,True
Célia Xakriabá,206018.0,,DEPUTADO_FEDERAL,MG,PSOL,2022-03-30,,,True
Célio Silveira,178876.0,,DEPUTADO_FEDERAL,GO,MDB,2022-03-30,,,True
Célio Studart,204488.0,,DEPUTADO_FEDERAL,CE,PSD,2022-03-30,,,True
Celso Russomanno,73441.0,,DEPUTADO_FEDERAL,SP,REPUBLICANOS,2022-03-30,,,True
Celso Sabino,204496.0,,DEPUTADO_FEDERAL,PA,UNIÃO,2022-02-08,,,True
Celso Sabino,204496.0,,DEPUTADO_FEDERAL,PA,PDT,2022-03-30,,,True
Celso Sabino,204496.0,,DEPUTADO_FEDERAL,PA,PDT,2022-03-30,,,True
Cezinha de Madureira,204504.0,,DEPUTADO_FEDERAL,SP,PSD,2022-03-30,,,True
Cezinha de Madureira,204504.0,,DEPUTADO_FEDERAL,SP,PL,2022-03-30,,,True
Charles Fernandes,205476.0,,DEPUTADO_FEDERAL,BA,PSD,2022-03-30,,,True
Chico Alencar,74171.0,,DEPUTADO_FEDERAL,RJ,PSOL,2022-03-30,,,True
Chiquinho Brazão,204476.0,,DEPUTADO_FEDERAL,RJ,UNIÃO,2022-02-08,,,True
Chiquinho Brazão,204476.0,,DEPUTADO_FEDERAL,RJ,S.PART.,2022-03-30,,,True
Chris Tonietto,204462.0,,DEPUTADO_FEDERAL,RJ,PL,2022-03-21,,,True
Clarissa Tércio,220665.0,,DEPUTADO_FEDERAL,PE,PP,2022-03-30,,,True
Claudio Cajado,74537.0,,DEPUTADO_FEDERAL,BA,PP,2022-03-30,,,True
Cleber Verde,141408.0,,DEPUTADO_FEDERAL,MA,REPUBLICANOS,2022-03-30,,,True
Cleber Verde,141408.0,,DEPUTADO_FEDERAL,MA,MDB,2022-03-30,,,True
Clodoaldo Magalhães,88256.0,,DEPUTADO_FEDERAL,PE,PV,2022-03-30,,,True
Cobalchini,98148.0,,DEPUTADO_FEDERAL,SC,MDB,2022-03-30,,,True
Coronel Armando,204376.0,,DEPUTADO_FEDERAL,SC,PL,2022-03-30,,,True
Coronel Armando,204376.0,,DEPUTADO_FEDERAL,SC,PP,2022-03-30,,,True
Coronel Assis,220594.0,,DEPUTADO_FEDERAL,MT,UNIÃO,2022-02-08,,,True
Coronel Assis,220594.0,,DEPUTADO_FEDERAL,MT,PL,2022-03-30,,,True
Coronel Chrisóstomo,204378.0,,DEPUTADO_FEDERAL,RO,PL,2022-03-30,,,True
Coronel Fernanda,220595.0,,DEPUTADO_FEDERAL,MT,PL,2022-03-21,,,True
Coronel Meira,220666.0,,DEPUTADO_FEDERAL,PE,PL,2022-03-30,,,True
Coronel Tadeu,204514.0,,DEPUTADO_FEDERAL,SP,PL,2022-03-30,,,True
Coronel Telhada,222142.0,,DEPUTADO_FEDERAL,SP,PP,2022-03-30,,,True
Coronel Ulysses,220590.0,,DEPUTADO_FEDERAL,AC,UNIÃO,2022-02-08,,,True
Covatti Filho,178963.0,,DEPUTADO_FEDERAL,RS,PP,2022-03-30,,,True
Cristiane Lopes,220608.0,,DEPUTADO_FEDERAL,RO,UNIÃO,2022-02-08,,,True
Cristiane Lopes,220608.0,,DEPUTADO_FEDERAL,RO,PODE,2022-03-30,,,True
Cristiano Furlan,234840.0,,DEPUTADO_FEDERAL,AP,REDE,2022-03-30,,,True
Da Vitoria,204355.0,,DEPUTADO_FEDERAL,ES,PP,2022-03-30,,,True
Dagoberto Nogueira,141411.0,,DEPUTADO_FEDERAL,MS,PSDB,2022-03-30,,,True
Dagoberto Nogueira,141411.0,,DEPUTADO_FEDERAL,MS,PP,2022-03-30,,,True
Daiana Santos,220555.0,,DEPUTADO_FEDERAL,RS,PCdoB,2022-03-30,,,True
Dal Barreto,220692.0,,DEPUTADO_FEDERAL,BA,UNIÃO,2022-02-08,,,True
Damião Feliciano,74467.0,,DEPUTADO_FEDERAL,PB,UNIÃO,2022-02-08,,,True
Dandara,220629.0,,DEPUTADO_FEDERAL,MG,PT,2022-03-30,,,True
Dani Cunha,220603.0,,DEPUTADO_FEDERAL,RJ,UNIÃO,2022-02-08,,,True
Dani Cunha,220603.0,,DEPUTADO_FEDERAL,RJ,PL,2022-03-30,,,True
Daniel Agrobom,220571.0,,DEPUTADO_FEDERAL,GO,PL,2022-03-30,,,True
Daniel Agrobom,220571.0,,DEPUTADO_FEDERAL,GO,PSD,2022-03-30,,,True
Daniel Almeida,74060.0,,DEPUTADO_FEDERAL,BA,PCdoB,2022-03-30,,,True
Daniel Barbosa,220582.0,,DEPUTADO_FEDERAL,AL,PP,2022-03-30,,,True
Daniel Freitas,204367.0,,DEPUTADO_FEDERAL,SC,PL,2022-03-30,,,True
Daniel José,228941.0,,DEPUTADO_FEDERAL,SP,PODE,2022-03-30,,,True
Daniel Soranz,220614.0,,DEPUTADO_FEDERAL,RJ,PSD,2022-03-30,,,True
Daniel Trzeciak,204409.0,,DEPUTADO_FEDERAL,RS,PSDB,2022-03-30,,,True
Daniela do Waguinho,204459.0,,DEPUTADO_FEDERAL,RJ,UNIÃO,2022-02-08,,,True
Daniela do Waguinho,204459.0,,DEPUTADO_FEDERAL,RJ,REPUBLICANOS,2022-03-30,,,True
Daniela Reinehr,220557.0,,DEPUTADO_FEDERAL,SC,PL,2022-03-21,,,True
Danilo Forte,62881.0,,DEPUTADO_FEDERAL,CE,UNIÃO,2022-02-08,,,True
Danilo Forte,62881.0,,DEPUTADO_FEDERAL,CE,PP,2022-03-30,,,True
Danrlei de Deus Hinterholz,160552.0,,DEPUTADO_FEDERAL,RS,PSD,2022-03-26,,,True
Darci de Matos,116379.0,,DEPUTADO_FEDERAL,SC,PSD,2022-03-30,,,True
David Soares,204511.0,,DEPUTADO_FEDERAL,SP,UNIÃO,2022-02-08,,,True
David Soares,204511.0,,DEPUTADO_FEDERAL,SP,PODE,2022-03-30,,,True
Dayany Bittencourt,220659.0,,DEPUTADO_FEDERAL,CE,UNIÃO,2022-02-08,,,True
Dayany do Capitão,220659.0,,DEPUTADO_FEDERAL,CE,UNIÃO,2022-02-08,,,True
Defensor Stélio Dener,220539.0,,DEPUTADO_FEDERAL,RR,REPUBLICANOS,2022-03-30,,,True
Defensor Stélio Dener,220539.0,,DEPUTADO_FEDERAL,RR,UNIÃO,2022-02-08,,,True
Delegada Adriana Accorsi,220565.0,,DEPUTADO_FEDERAL,GO,PT,2022-03-30,,,True
Delegada Ione,220625.0,,DEPUTADO_FEDERAL,MG,AVANTE,2022-03-30,,,True
Delegada Ione,220625.0,,DEPUTADO_FEDERAL,MG,PL,2022-03-30,,,True
Delegada Katarina,220561.0,,DEPUTADO_FEDERAL,SE,PSD,2022-03-30,,,True
Delegado Bruno Lima,220642.0,,DEPUTADO_FEDERAL,SP,PP,2022-03-30,,,True
Delegado Bruno Lima,220642.0,,DEPUTADO_FEDERAL,SP,PODE,2022-03-30,,,True
Delegado Caveira,220673.0,,DEPUTADO_FEDERAL,PA,PL,2022-03-30,,,True
Delegado da Cunha,220649.0,,DEPUTADO_FEDERAL,SP,PP,2022-03-30,,,True
Delegado da Cunha,220649.0,,DEPUTADO_FEDERAL,SP,UNIÃO,2022-02-08,,,True
Delegado Éder Mauro,178908.0,,DEPUTADO_FEDERAL,PA,PL,2022-03-21,,,True
Delegado Fabio Costa,220583.0,,DEPUTADO_FEDERAL,AL,PP,2022-03-30,,,True
Delegado Marcelo Freitas,204512.0,,DEPUTADO_FEDERAL,MG,UNIÃO,2022-02-08,,,True
Delegado Matheus Laiola,220701.0,,DEPUTADO_FEDERAL,PR,UNIÃO,2022-02-08,,,True
Delegado Palumbo,220652.0,,DEPUTADO_FEDERAL,SP,MDB,2022-03-30,,,True
Delegado Palumbo,220652.0,,DEPUTADO_FEDERAL,SP,PODE,2022-03-30,,,True
Delegado Paulo Bilynskyj,220654.0,,DEPUTADO_FEDERAL,SP,PL,2022-03-30,,,True
Delegado Ramagem,220619.0,,DEPUTADO_FEDERAL,RJ,PL,2022-03-30,,,True
Délio Pinheiro,228272.0,,DEPUTADO_FEDERAL,MG,PDT,2022-03-30,,,True
Deltan Dallagnol,220705.0,,DEPUTADO_FEDERAL,PR,PODE,2022-03-30,,,True
Denise Pessôa,220553.0,,DEPUTADO_FEDERAL,RS,PT,2022-03-30,,,True
Detinha,220689.0,,DEPUTADO_FEDERAL,MA,PL,2022-03-30,,,True
Diego Andrade,160588.0,,DEPUTADO_FEDERAL,MG,PSD,2022-03-30,,,True
Diego Coronel,220691.0,,DEPUTADO_FEDERAL,BA,PSD,2022-03-26,,,True
Diego Coronel,220691.0,,DEPUTADO_FEDERAL,BA,REPUBLICANOS,2022-03-30,,,True
Diego Garcia,178929.0,,DEPUTADO_FEDERAL,PR,REPUBLICANOS,2022-03-30,,,True
Diego Garcia,178929.0,,DEPUTADO_FEDERAL,PR,UNIÃO,2022-02-08,,,True
Dilceu Sperafico,73768.0,,DEPUTADO_FEDERAL,PR,PP,2022-03-30,,,True
Dilvanda Faro,220671.0,,DEPUTADO_FEDERAL,PA,PT,2022-03-30,,,True
Dimas Fabiano,160599.0,,DEPUTADO_FEDERAL,MG,PP,2022-03-30,,,True
Dimas Gadelha,220602.0,,DEPUTADO_FEDERAL,RJ,PT,2022-03-30,,,True
Domingos Neto,143632.0,,DEPUTADO_FEDERAL,CE,PSD,2022-03-30,,,True
Domingos Sávio,160758.0,,DEPUTADO_FEDERAL,MG,PL,2022-03-30,,,True
Dorinaldo Malafaia,220573.0,,DEPUTADO_FEDERAL,AP,PDT,2022-03-30,,,True
Douglas Viegas,227433.0,,DEPUTADO_FEDERAL,SP,UNIÃO,2022-02-08,,,True
Doutor Luizinho,204450.0,,DEPUTADO_FEDERAL,RJ,PP,2022-03-30,,,True
Dr Benjamim,221339.0,,DEPUTADO_FEDERAL,MA,UNIÃO,2022-02-08,,,True
Dr Fabio Rueda,227401.0,,DEPUTADO_FEDERAL,AC,UNIÃO,2022-02-08,,,True
Dr Flávio,227991.0,,DEPUTADO_FEDERAL,RJ,PL,2022-03-21,,,True
Dr. Allan Garcês,226708.0,,DEPUTADO_FEDERAL,MA,PP,2022-03-30,,,True
Dr. Benjamim,221339.0,,DEPUTADO_FEDERAL,MA,UNIÃO,2022-02-08,,,True
Dr. Daniel Soranz,220614.0,,DEPUTADO_FEDERAL,RJ,PSD,2022-03-30,,,True
Dr. Fernando Máximo,220610.0,,DEPUTADO_FEDERAL,RO,UNIÃO,2022-02-08,,,True
Dr. Fernando Máximo,220610.0,,DEPUTADO_FEDERAL,RO,PL,2022-03-30,,,True
Dr. Francisco,220688.0,,DEPUTADO_FEDERAL,PI,PT,2022-03-30,,,True
Dr. Frederico,204518.0,,DEPUTADO_FEDERAL,MG,PATRIOTA,2022-03-30,,,True
Dr. Frederico,204518.0,,DEPUTADO_FEDERAL,MG,PRD,2023-11-10,,,True
Dr. Frederico,204518.0,,DEPUTADO_FEDERAL,MG,PL,2022-03-30,,,True
Dr. Gonçalo,212625.0,,DEPUTADO_FEDERAL,MA,PODE,2022-03-30,,,True
Dr. Ismael Alexandrino,220570.0,,DEPUTADO_FEDERAL,GO,PSD,2022-03-30,,,True
Dr. Jaziel,204481.0,,DEPUTADO_FEDERAL,CE,PL,2022-03-21,,,True
Dr. Luiz Ovando,204351.0,,DEPUTADO_FEDERAL,MS,PP,2022-03-30,,,True
Dr. Remy Soares,228616.0,,DEPUTADO_FEDERAL,MA,PP,2022-03-30,,,True
Dr. Victor Linhalis,220528.0,,DEPUTADO_FEDERAL,ES,PODE,2022-03-30,,,True
Dr. Victor Linhalis,220528.0,,DEPUTADO_FEDERAL,ES,PSB,2022-03-30,,,True
Dr. Zacharias Calil,204412.0,,DEPUTADO_FEDERAL,GO,UNIÃO,2022-02-08,,,True
Dr. Zacharias Calil,204412.0,,DEPUTADO_FEDERAL,GO,MDB,2022-03-30,,,True
Dra. Alessandra Haber,220674.0,,DEPUTADO_FEDERAL,PA,MDB,2022-03-30,,,True
Dra. Alessandra Haber,220674.0,,DEPUTADO_FEDERAL,PA,PODE,2022-03-30,,,True
Dra. Mayra Pinheiro,230088.0,,DEPUTADO_FEDERAL,CE,PL,2022-03-30,,,True
Duarte,220686.0,,DEPUTADO_FEDERAL,MA,PSB,2022-03-30,,,True
Duarte,220686.0,,DEPUTADO_FEDERAL,MA,AVANTE,2022-03-30,,,True
Duarte Gonçalves Jr,227800.0,,DEPUTADO_FEDERAL,MG,PSC,2022-03-30,,,True
Duarte Gonçalves Jr,227800.0,,DEPUTADO_FEDERAL,MG,PODE,2022-03-30,,,True
Duarte Gonçalves Jr,227800.0,,DEPUTADO_FEDERAL,MG,REPUBLICANOS,2022-03-30,,,True
Duarte Jr.,220686.0,,DEPUTADO_FEDERAL,MA,PSB,2022-03-30,,,True
Duarte Jr.,220686.0,,DEPUTADO_FEDERAL,MA,AVANTE,2022-03-30,,,True
Duda Ramos,220540.0,,DEPUTADO_FEDERAL,RR,MDB,2022-03-30,,,True
Duda Ramos,220540.0,,DEPUTADO_FEDERAL,RR,PODE,2022-03-30,,,True
Duda Ramos,220540.0,,DEPUTADO_FEDERAL,RR,PODE,2022-03-30,,,True
Duda Salabert,220623.0,,DEPUTADO_FEDERAL,MG,PDT,2022-03-30,,,True
Duda Salabert,220623.0,,DEPUTADO_FEDERAL,MG,PSOL,2022-03-30,,,True
Eduardo Bismarck,204541.0,,DEPUTADO_FEDERAL,CE,PDT,2022-03-30,,,True
Eduardo Bismarck,204541.0,,DEPUTADO_FEDERAL,CE,PV,2022-03-30,,,True
Eduardo Bolsonaro,92346.0,,DEPUTADO_FEDERAL,SP,PSC,2014-04-05,2018-03-05,MUDANCA_VOLUNTARIA,False
Eduardo Bolsonaro,92346.0,,DEPUTADO_FEDERAL,SP,PSL,2018-03-06,2021-11-29,MUDANCA_VOLUNTARIA,False
Eduardo Bolsonaro,92346.0,,DEPUTADO_FEDERAL,SP,PL,2021-11-30,,,True
Eduardo da Fonte,141421.0,,DEPUTADO_FEDERAL,PE,PP,2022-03-30,,,True
Eduardo Velloso,220589.0,,DEPUTADO_FEDERAL,AC,UNIÃO,2022-02-08,,,True
Eduardo Velloso,220589.0,,DEPUTADO_FEDERAL,AC,SOLIDARIEDADE,2022-03-30,,,True
Elcione Barbalho,74075.0,,DEPUTADO_FEDERAL,PA,MDB,2022-03-30,,,True
Eli Borges,204364.0,,DEPUTADO_FEDERAL,TO,PL,2022-03-30,,,True
Eli Borges,204364.0,,DEPUTADO_FEDERAL,TO,REPUBLICANOS,2022-03-30,,,True
Eliane Braz,226553.0,,DEPUTADO_FEDERAL,CE,PSD,2022-03-30,,,True
Elisangela Araujo,229585.0,,DEPUTADO_FEDERAL,BA,PT,2022-03-30,,,True
Eliza Virgínia,220008.0,,DEPUTADO_FEDERAL,PB,PP,2022-03-30,,,True
Elmano Férrer,234406.0,,DEPUTADO_FEDERAL,PI,PP,2022-03-30,,,True
Elmar Nascimento,178854.0,,DEPUTADO_FEDERAL,BA,PMDB,2001-04-10,2007-03-15,MUDANCA_VOLUNTARIA,False
Elmar Nascimento,178854.0,,DEPUTADO_FEDERAL,BA,DEM,2007-03-16,2022-02-07,FUSAO_OU_INCORPORACAO,False
Elmar Nascimento,178854.0,,DEPUTADO_FEDERAL,BA,UNIÃO,2022-02-08,,,True
Ely Santos,218086.0,,DEPUTADO_FEDERAL,SP,REPUBLICANOS,2022-03-30,,,True
Emanuel Pinheiro Neto,198783.0,,DEPUTADO_FEDERAL,MT,MDB,2022-03-30,,,True
Emanuel Pinheiro Neto,198783.0,,DEPUTADO_FEDERAL,MT,PSD,2022-03-26,,,True
Emidinho Madeira,161550.0,,DEPUTADO_FEDERAL,MG,PL,2022-03-30,,,True
Enfermeira Ana Paula,225730.0,,DEPUTADO_FEDERAL,CE,PDT,2022-03-30,,,True
Enfermeira Ana Paula,225730.0,,DEPUTADO_FEDERAL,CE,PODE,2022-03-30,,,True
Enfermeira Rejane,230765.0,,DEPUTADO_FEDERAL,RJ,PCdoB,2022-03-30,,,True
Enio Verri,132504.0,,DEPUTADO_FEDERAL,PR,PT,2022-03-30,,,True
Eriberto Medeiros,220663.0,,DEPUTADO_FEDERAL,PE,PSB,2022-03-30,,,True
Erika Hilton,220645.0,,DEPUTADO_FEDERAL,SP,PSOL,2022-03-30,,,True
Erika Kokay,160575.0,,DEPUTADO_FEDERAL,DF,PT,2022-03-30,,,True
Eros Biondini,160640.0,,DEPUTADO_FEDERAL,MG,PL,2022-03-30,,,True
Euclydes Pettersen,204482.0,,DEPUTADO_FEDERAL,MG,PSC,2022-03-30,,,True
Euclydes Pettersen,204482.0,,DEPUTADO_FEDERAL,MG,REPUBLICANOS,2022-03-30,,,True
Eunício Oliveira,74454.0,,DEPUTADO_FEDERAL,CE,MDB,2022-03-30,,,True
Evair Vieira de Melo,178871.0,,DEPUTADO_FEDERAL,ES,PP,2022-03-30,,,True
Evair Vieira de Melo,178871.0,,DEPUTADO_FEDERAL,ES,REPUBLICANOS,2022-03-30,,,True
Fabiano Cazeca,234388.0,,DEPUTADO_FEDERAL,MG,PATRIOTA,2022-03-30,,,True
Fabiano Cazeca,234388.0,,DEPUTADO_FEDERAL,MG,PRD,2023-11-10,,,True
Fabio Garcia,178905.0,,DEPUTADO_FEDERAL,MT,UNIÃO,2022-02-08,,,True
Fábio Henrique,68720.0,,DEPUTADO_FEDERAL,SE,UNIÃO,2022-02-08,,,True
Fábio Macedo,220681.0,,DEPUTADO_FEDERAL,MA,PODE,2022-03-30,,,True
Fabio Reis,171623.0,,DEPUTADO_FEDERAL,SE,PSD,2022-03-26,,,True
Fabio Schiochet,204368.0,,DEPUTADO_FEDERAL,SC,UNIÃO,2022-02-08,,,True
Fábio Teruel,220653.0,,DEPUTADO_FEDERAL,SP,MDB,2022-03-30,,,True
Fatima Pelaes,74065.0,,DEPUTADO_FEDERAL,AP,REPUBLICANOS,2022-03-30,,,True
Fausto Jr.,220712.0,,DEPUTADO_FEDERAL,AM,UNIÃO,2022-02-08,,,True
Fausto Pinato,66828.0,,DEPUTADO_FEDERAL,SP,PP,2022-03-30,,,True
Fausto Pinato,66828.0,,DEPUTADO_FEDERAL,SP,UNIÃO,2022-02-08,,,True
Fausto Santos Jr.,220712.0,,DEPUTADO_FEDERAL,AM,UNIÃO,2022-02-08,,,True
Felipe Becari,220646.0,,DEPUTADO_FEDERAL,SP,UNIÃO,2022-02-08,,,True
Felipe Becari,220646.0,,DEPUTADO_FEDERAL,SP,PODE,2022-03-30,,,True
Felipe Carreras,72442.0,,DEPUTADO_FEDERAL,PE,PSB,2022-03-30,,,True
Felipe Francischini,204398.0,,DEPUTADO_FEDERAL,PR,UNIÃO,2022-02-08,,,True
Felipe Francischini,204398.0,,DEPUTADO_FEDERAL,PR,PODE,2022-03-30,,,True
Felipe Saliba,227370.0,,DEPUTADO_FEDERAL,MG,PATRIOTA,2022-03-30,,,True
Felipe Saliba,227370.0,,DEPUTADO_FEDERAL,MG,PRD,2023-11-10,,,True
Félix Mendonça Júnior,160666.0,,DEPUTADO_FEDERAL,BA,PDT,2022-03-30,,,True
Fernanda Melchionna,204407.0,,DEPUTADO_FEDERAL,RS,PSOL,2022-03-30,,,True
Fernanda Pessoa,220656.0,,DEPUTADO_FEDERAL,CE,UNIÃO,2022-02-08,,,True
Fernanda Pessoa,220656.0,,DEPUTADO_FEDERAL,CE,PSD,2022-03-30,,,True
Fernando Coelho Filho,141431.0,,DEPUTADO_FEDERAL,PE,UNIÃO,2022-02-08,,,True
Fernando Mineiro,204445.0,,DEPUTADO_FEDERAL,RN,PT,2022-03-30,,,True
Fernando Monteiro,92699.0,,DEPUTADO_FEDERAL,PE,PP,2022-03-30,,,True
Fernando Monteiro,92699.0,,DEPUTADO_FEDERAL,PE,REPUBLICANOS,2022-03-30,,,True
Fernando Monteiro,92699.0,,DEPUTADO_FEDERAL,PE,PSD,2022-03-30,,,True
Fernando Rodolfo,204427.0,,DEPUTADO_FEDERAL,PE,PL,2022-03-30,,,True
Fernando Rodolfo,204427.0,,DEPUTADO_FEDERAL,PE,PRD,2023-11-10,,,True
Filipe Barros,204411.0,,DEPUTADO_FEDERAL,PR,PSL,2018-04-05,2022-03-11,MUDANCA_VOLUNTARIA,False
Filipe Barros,204411.0,,DEPUTADO_FEDERAL,PR,PL,2022-03-12,,,True
Filipe Martins,220545.0,,DEPUTADO_FEDERAL,TO,PL,2022-03-30,,,True
Flávia Morais,160598.0,,DEPUTADO_FEDERAL,GO,PDT,2022-03-30,,,True
Flávia Morais,160598.0,,DEPUTADO_FEDERAL,GO,MDB,2022-03-30,,,True
Flavinha,225727.0,,DEPUTADO_FEDERAL,MT,MDB,2022-03-30,,,True
Flávio Nogueira,191923.0,,DEPUTADO_FEDERAL,PI,PT,2022-03-30,,,True
Florentino Neto,220700.0,,DEPUTADO_FEDERAL,PI,PT,2022-03-30,,,True
Franciane Bayer,220551.0,,DEPUTADO_FEDERAL,RS,REPUBLICANOS,2022-03-30,,,True
Fred Costa,204494.0,,DEPUTADO_FEDERAL,MG,PATRIOTA,2022-03-30,,,True
Fred Costa,204494.0,,DEPUTADO_FEDERAL,MG,PRD,2023-11-10,,,True
Fred Linhares,220534.0,,DEPUTADO_FEDERAL,DF,REPUBLICANOS,2022-03-30,,,True
Gabriel Mota,224117.0,,DEPUTADO_FEDERAL,RR,REPUBLICANOS,2022-03-30,,,True
Gabriel Mota,224117.0,,DEPUTADO_FEDERAL,RR,UNIÃO,2022-02-08,,,True
Gabriel Nunes,220708.0,,DEPUTADO_FEDERAL,BA,PSD,2022-03-30,,,True
General Girão,204473.0,,DEPUTADO_FEDERAL,RN,PL,2022-03-30,,,True
General Pazuello,220611.0,,DEPUTADO_FEDERAL,RJ,PL,2022-03-30,,,True
Geovania de Sá,178966.0,,DEPUTADO_FEDERAL,SC,PSDB,2022-03-30,,,True
Geovania de Sá,178966.0,,DEPUTADO_FEDERAL,SC,REPUBLICANOS,2022-03-30,,,True
Geraldo Mendes,220702.0,,DEPUTADO_FEDERAL,PR,UNIÃO,2022-02-08,,,True
Geraldo Resende,74374.0,,DEPUTADO_FEDERAL,MS,PSDB,2022-03-30,,,True
Geraldo Resende,74374.0,,DEPUTADO_FEDERAL,MS,UNIÃO,2022-02-08,,,True
Gerlen Diniz,220587.0,,DEPUTADO_FEDERAL,AC,PP,2022-03-30,,,True
Gervásio Maia,204394.0,,DEPUTADO_FEDERAL,PB,PSB,2022-03-30,,,True
Gervásio Maia,204394.0,,DEPUTADO_FEDERAL,PB,PCdoB,2022-03-30,,,True
Giacobo,74383.0,,DEPUTADO_FEDERAL,PR,PL,2022-03-21,,,True
Giacobo,74383.0,,DEPUTADO_FEDERAL,PR,PSD,2022-03-30,,,True
Gilberto Abramo,204491.0,,DEPUTADO_FEDERAL,MG,REPUBLICANOS,2022-03-30,,,True
Gilberto Nascimento,74270.0,,DEPUTADO_FEDERAL,SP,PSC,2022-03-30,,,True
Gilberto Nascimento,74270.0,,DEPUTADO_FEDERAL,SP,PSD,2022-03-30,,,True
Gilberto Nascimento,74270.0,,DEPUTADO_FEDERAL,SP,PODE,2022-03-30,,,True
Gilmar Machado,74581.0,,DEPUTADO_FEDERAL,MG,PT,2022-03-30,,,True
Gilson Daniel,220529.0,,DEPUTADO_FEDERAL,ES,PODE,2022-03-30,,,True
Gilson Marques,204365.0,,DEPUTADO_FEDERAL,SC,NOVO,2022-03-30,,,True
Gilvan da Federal,220526.0,,DEPUTADO_FEDERAL,ES,PL,2022-03-30,,,True
Gilvan Maximo,220531.0,,DEPUTADO_FEDERAL,DF,REPUBLICANOS,2022-03-30,,,True
Giovani Cherini,160673.0,,DEPUTADO_FEDERAL,RS,PL,2022-03-30,,,True
Gisela Simona,226179.0,,DEPUTADO_FEDERAL,MT,UNIÃO,2022-02-08,,,True
Glauber Braga,152605.0,,DEPUTADO_FEDERAL,RJ,PSOL,2022-03-30,,,True
Gláucia Santiago,229333.0,,DEPUTADO_FEDERAL,MG,PL,2022-03-30,,,True
Glaustin da Fokus,204419.0,,DEPUTADO_FEDERAL,GO,PSC,2022-03-30,,,True
Glaustin da Fokus,204419.0,,DEPUTADO_FEDERAL,GO,PODE,2022-03-30,,,True
Glaycon Franco,236284.0,,DEPUTADO_FEDERAL,MG,PV,2022-03-30,,,True
Glaycon Franco,236284.0,,DEPUTADO_FEDERAL,MG,PSDB,2022-03-30,,,True
Gleisi Hoffmann,107283.0,,DEPUTADO_FEDERAL,PR,PT,2022-03-30,,,True
Gorete Pereira,129618.0,,DEPUTADO_FEDERAL,CE,PL,2022-03-21,,,True
Gorete Pereira,129618.0,,DEPUTADO_FEDERAL,CE,MDB,2022-03-30,,,True
Greyce Elias,198197.0,,DEPUTADO_FEDERAL,MG,AVANTE,2022-03-30,,,True
Greyce Elias,198197.0,,DEPUTADO_FEDERAL,MG,PL,2022-03-30,,,True
Guilherme Boulos,220639.0,,DEPUTADO_FEDERAL,SP,PSOL,2022-03-30,,,True
Guilherme Derrite,204531.0,,DEPUTADO_FEDERAL,SP,PL,2022-03-30,,,True
Guilherme Derrite,204531.0,,DEPUTADO_FEDERAL,SP,PP,2022-03-30,,,True
Guilherme Uchoa,220664.0,,DEPUTADO_FEDERAL,PE,PSB,2022-03-30,,,True
Guilherme Uchoa,220664.0,,DEPUTADO_FEDERAL,PE,PSD,2022-03-30,,,True
Gustavo Gayer,220568.0,,DEPUTADO_FEDERAL,GO,PL,2022-03-30,,,True
Gustinho Ribeiro,204408.0,,DEPUTADO_FEDERAL,SE,REPUBLICANOS,2022-03-30,,,True
Gustinho Ribeiro,204408.0,,DEPUTADO_FEDERAL,SE,PP,2022-03-30,,,True
Gutemberg Reis,204456.0,,DEPUTADO_FEDERAL,RJ,MDB,2022-03-30,,,True
Heitor Schuch,178964.0,,DEPUTADO_FEDERAL,RS,PSB,2022-03-30,,,True
Heitor Schuch,178964.0,,DEPUTADO_FEDERAL,RS,PSD,2022-03-30,,,True
Helder Salomão,178873.0,,DEPUTADO_FEDERAL,ES,PT,2022-03-30,,,True
Helena Lima,220537.0,,DEPUTADO_FEDERAL,RR,MDB,2022-03-30,,,True
Helena Lima,220537.0,,DEPUTADO_FEDERAL,RR,PSD,2022-03-30,,,True
Hélio Leite,178909.0,,DEPUTADO_FEDERAL,PA,UNIÃO,2022-02-08,,,True
Helio Lopes,204444.0,,DEPUTADO_FEDERAL,RJ,PL,2022-03-30,,,True
Heloísa Helena,234788.0,,DEPUTADO_FEDERAL,RJ,REDE,2022-03-30,,,True
Henderson Pinto,220672.0,,DEPUTADO_FEDERAL,PA,MDB,2022-03-30,,,True
Henderson Pinto,220672.0,,DEPUTADO_FEDERAL,PA,UNIÃO,2022-02-08,,,True
Henrique Júnior,227324.0,,DEPUTADO_FEDERAL,MA,PL,2022-03-30,,,True
Hercílio Coelho Diniz,204539.0,,DEPUTADO_FEDERAL,MG,MDB,2022-03-30,,,True
Hildo do Candango,100689.0,,DEPUTADO_FEDERAL,GO,REPUBLICANOS,2022-03-30,,,True
Hildo Rocha,178884.0,,DEPUTADO_FEDERAL,MA,MDB,2022-03-30,,,True
Hugo Leal,141450.0,,DEPUTADO_FEDERAL,RJ,PSD,2022-03-30,,,True
Hugo Motta,160674.0,,DEPUTADO_FEDERAL,PB,REPUBLICANOS,2022-03-30,,,True
Icaro de Valmir,220563.0,,DEPUTADO_FEDERAL,SE,PL,2022-03-30,,,True
Icaro de Valmir,220563.0,,DEPUTADO_FEDERAL,SE,REPUBLICANOS,2022-03-30,,,True
Idilvan Alencar,204533.0,,DEPUTADO_FEDERAL,CE,PDT,2022-03-30,,,True
Idilvan Alencar,204533.0,,DEPUTADO_FEDERAL,CE,PSB,2022-03-30,,,True
Igor Timo,204508.0,,DEPUTADO_FEDERAL,MG,PODE,2022-03-30,,,True
Igor Timo,204508.0,,DEPUTADO_FEDERAL,MG,PSD,2022-03-30,,,True
Igor Timo,204508.0,,DEPUTADO_FEDERAL,MG,UNIÃO,2022-02-08,,,True
Ilacir Bicalho,235620.0,,DEPUTADO_FEDERAL,MG,PSC,2022-03-30,,,True
Ilacir Bicalho,235620.0,,DEPUTADO_FEDERAL,MG,PODE,2022-03-30,,,True
Ilacir Bicalho,235620.0,,DEPUTADO_FEDERAL,MG,REPUBLICANOS,2022-03-30,,,True
Inácio Arruda,74295.0,,DEPUTADO_FEDERAL,CE,PCdoB,2022-03-30,,,True
Ismael,98615.0,,DEPUTADO_FEDERAL,SC,PSD,2022-03-26,,,True
Ismael,98615.0,,DEPUTADO_FEDERAL,SC,PL,2022-03-30,,,True
Ismael Alexandrino,220570.0,,DEPUTADO_FEDERAL,GO,PSD,2022-03-30,,,True
Isnaldo Bulhões Jr.,204436.0,,DEPUTADO_FEDERAL,AL,MDB,2022-03-30,,,True
Itamar Paim,225846.0,,DEPUTADO_FEDERAL,PR,PL,2022-03-21,,,True
Ivan Junior,230764.0,,DEPUTADO_FEDERAL,MA,UNIÃO,2022-02-08,,,True
Ivan Valente,73531.0,,DEPUTADO_FEDERAL,SP,PSOL,2022-03-30,,,True
Ivoneide Caetano,220696.0,,DEPUTADO_FEDERAL,BA,PT,2022-03-30,,,True
Iza Arruda,220670.0,,DEPUTADO_FEDERAL,PE,MDB,2022-03-30,,,True
Jack Rocha,220527.0,,DEPUTADO_FEDERAL,ES,PT,2022-03-30,,,True
Jadyel Alencar,220697.0,,DEPUTADO_FEDERAL,PI,PV,2022-03-30,,,True
Jadyel Alencar,220697.0,,DEPUTADO_FEDERAL,PI,REPUBLICANOS,2022-03-30,,,True
Jandira Feghali,74848.0,,DEPUTADO_FEDERAL,RJ,PCdoB,2022-03-30,,,True
Jeferson Rodrigues,220567.0,,DEPUTADO_FEDERAL,GO,REPUBLICANOS,2022-03-30,,,True
Jeferson Rodrigues,220567.0,,DEPUTADO_FEDERAL,GO,PSDB,2022-03-30,,,True
Jefferson Campos,74273.0,,DEPUTADO_FEDERAL,SP,PL,2022-03-30,,,True
Jhonatan de Jesus,160531.0,,DEPUTADO_FEDERAL,RR,REPUBLICANOS,2022-03-30,,,True
Jilmar Tatto,141456.0,,DEPUTADO_FEDERAL,SP,PT,2022-03-30,,,True
João Carlos,235869.0,,DEPUTADO_FEDERAL,AM,REPUBLICANOS,2022-03-30,,,True
João Carlos Bacelar,141458.0,,DEPUTADO_FEDERAL,BA,PL,2022-03-30,,,True
João Cury,230957.0,,DEPUTADO_FEDERAL,SP,MDB,2022-03-30,,,True
João Daniel,178970.0,,DEPUTADO_FEDERAL,SE,PT,2022-03-30,,,True
João Leão,74550.0,,DEPUTADO_FEDERAL,BA,PP,2022-03-30,,,True
João Maia,141459.0,,DEPUTADO_FEDERAL,RN,PL,2022-03-30,,,True
João Maia,141459.0,,DEPUTADO_FEDERAL,RN,PP,2022-03-30,,,True
Joaquim Passarinho,178910.0,,DEPUTADO_FEDERAL,PA,PL,2022-03-30,,,True
Jonas Donizette,160548.0,,DEPUTADO_FEDERAL,SP,PSB,2022-03-30,,,True
Jones Moura,217480.0,,DEPUTADO_FEDERAL,RJ,PSD,2022-03-30,,,True
Jorge Araújo,235800.0,,DEPUTADO_FEDERAL,BA,PP,2022-03-30,,,True
Jorge Braz,205550.0,,DEPUTADO_FEDERAL,RJ,REPUBLICANOS,2022-03-30,,,True
Jorge Goetten,214694.0,,DEPUTADO_FEDERAL,SC,PL,2022-03-30,,,True
Jorge Goetten,214694.0,,DEPUTADO_FEDERAL,SC,REPUBLICANOS,2022-03-30,,,True
Jorge Solla,178857.0,,DEPUTADO_FEDERAL,BA,PT,2022-03-30,,,True
José Airton Félix Cirilo,141464.0,,DEPUTADO_FEDERAL,CE,PT,2022-03-30,,,True
José Carlos Araujo,74140.0,,DEPUTADO_FEDERAL,BA,PDT,2022-03-30,,,True
José Carlos Araujo,74140.0,,DEPUTADO_FEDERAL,BA,DC,2022-03-30,,,True
José Guimarães,141470.0,,DEPUTADO_FEDERAL,CE,PT,2022-03-30,,,True
José Medeiros,204472.0,,DEPUTADO_FEDERAL,MT,PL,2022-03-30,,,True
José Nelto,204391.0,,DEPUTADO_FEDERAL,GO,PP,2022-03-30,,,True
José Nelto,204391.0,,DEPUTADO_FEDERAL,GO,UNIÃO,2022-02-08,,,True
José Priante,74079.0,,DEPUTADO_FEDERAL,PA,MDB,2022-03-30,,,True
José Rocha,74554.0,,DEPUTADO_FEDERAL,BA,UNIÃO,2022-02-08,,,True
Joseildo Ramos,209189.0,,DEPUTADO_FEDERAL,BA,PT,2022-03-30,,,True
Josenildo,220578.0,,DEPUTADO_FEDERAL,AP,PDT,2022-03-30,,,True
Josias Gomes,74141.0,,DEPUTADO_FEDERAL,BA,PT,2022-03-30,,,True
Josimar Maranhãozinho,204563.0,,DEPUTADO_FEDERAL,MA,PL,2022-03-30,,,True
Josivaldo JP,215043.0,,DEPUTADO_FEDERAL,MA,PSD,2022-03-30,,,True
Josivaldo JP,215043.0,,DEPUTADO_FEDERAL,MA,UNIÃO,2022-02-08,,,True
Juarez Costa,204474.0,,DEPUTADO_FEDERAL,MT,MDB,2022-03-30,,,True
Juarez Costa,204474.0,,DEPUTADO_FEDERAL,MT,REPUBLICANOS,2022-03-30,,,True
Julia Zanatta,220559.0,,DEPUTADO_FEDERAL,SC,PL,2022-03-30,,,True
Juliana Cardoso,220640.0,,DEPUTADO_FEDERAL,SP,PT,2022-03-30,,,True
Juliana Kolankiewicz,228837.0,,DEPUTADO_FEDERAL,MT,MDB,2022-03-30,,,True
Julio Arcoverde,66385.0,,DEPUTADO_FEDERAL,PI,PP,2022-03-30,,,True
Júlio Cesar,74317.0,,DEPUTADO_FEDERAL,PI,PSD,2022-03-30,,,True
Julio Cesar Ribeiro,204372.0,,DEPUTADO_FEDERAL,DF,REPUBLICANOS,2022-03-30,,,True
Julio Lopes,74253.0,,DEPUTADO_FEDERAL,RJ,PP,2022-03-30,,,True
Júlio Oliveira,228797.0,,DEPUTADO_FEDERAL,TO,PP,2022-03-30,,,True
Juninho do Pneu,204457.0,,DEPUTADO_FEDERAL,RJ,UNIÃO,2022-02-08,,,True
Juninho do Pneu,204457.0,,DEPUTADO_FEDERAL,RJ,PSDB,2022-03-30,,,True
Junio Amaral,204520.0,,DEPUTADO_FEDERAL,MG,PL,2022-03-21,,,True
Júnior Ferrari,204497.0,,DEPUTADO_FEDERAL,PA,PSD,2022-03-30,,,True
Junior Lourenço,204574.0,,DEPUTADO_FEDERAL,MA,PL,2022-03-30,,,True
Junior Lourenço,204574.0,,DEPUTADO_FEDERAL,MA,MDB,2022-03-30,,,True
Júnior Mano,204550.0,,DEPUTADO_FEDERAL,CE,PL,2022-03-21,,,True
Júnior Mano,204550.0,,DEPUTADO_FEDERAL,CE,PSB,2022-03-30,,,True
Juscelino Filho,178886.0,,DEPUTADO_FEDERAL,MA,UNIÃO,2022-02-08,,,True
Juscelino Filho,178886.0,,DEPUTADO_FEDERAL,MA,PSDB,2022-03-30,,,True
Katia Dias,208297.0,,DEPUTADO_FEDERAL,MG,PSC,2022-03-30,,,True
Katia Dias,208297.0,,DEPUTADO_FEDERAL,MG,PODE,2022-03-30,,,True
Katia Dias,208297.0,,DEPUTADO_FEDERAL,MG,REPUBLICANOS,2022-03-30,,,True
Keniston Braga,220677.0,,DEPUTADO_FEDERAL,PA,MDB,2022-03-30,,,True
Kiko Celeguim,162067.0,,DEPUTADO_FEDERAL,SP,PT,2022-03-30,,,True
Kim Kataguiri,204536.0,,DEPUTADO_FEDERAL,SP,DEM,2018-04-05,2022-02-07,FUSAO_OU_INCORPORACAO,False
Kim Kataguiri,204536.0,,DEPUTADO_FEDERAL,SP,UNIÃO,2022-02-08,,,True
Kim Kataguiri,204536.0,,DEPUTADO_FEDERAL,SP,DEM,2018-04-05,2022-02-07,FUSAO_OU_INCORPORACAO,False
Kim Kataguiri,204536.0,,DEPUTADO_FEDERAL,SP,UNIÃO,2022-02-08,,,True
Lafayette de Andrada,98057.0,,DEPUTADO_FEDERAL,MG,REPUBLICANOS,2022-03-30,,,True
Lafayette de Andrada,98057.0,,DEPUTADO_FEDERAL,MG,PL,2022-03-21,,,True
Laura Carneiro,74856.0,,DEPUTADO_FEDERAL,RJ,PSD,2022-03-30,,,True
Lázaro Botelho,141480.0,,DEPUTADO_FEDERAL,TO,PP,2022-03-30,,,True
Leandre,178832.0,,DEPUTADO_FEDERAL,PR,PSD,2022-03-30,,,True
Lebrão,220600.0,,DEPUTADO_FEDERAL,RO,UNIÃO,2022-02-08,,,True
Lêda Borges,220566.0,,DEPUTADO_FEDERAL,GO,PSDB,2022-03-30,,,True
Lêda Borges,220566.0,,DEPUTADO_FEDERAL,GO,REPUBLICANOS,2022-03-30,,,True
Lenir de Assis,231911.0,,DEPUTADO_FEDERAL,PR,PT,2022-03-30,,,True
Léo Prates,80815.0,,DEPUTADO_FEDERAL,BA,PDT,2022-03-30,,,True
Léo Prates,80815.0,,DEPUTADO_FEDERAL,BA,REPUBLICANOS,2022-03-30,,,True
Leonardo Gadelha,122195.0,,DEPUTADO_FEDERAL,PB,PSC,2022-03-30,,,True
Leonardo Gadelha,122195.0,,DEPUTADO_FEDERAL,PB,PODE,2022-03-30,,,True
Leonardo Monteiro,74156.0,,DEPUTADO_FEDERAL,MG,PT,2022-03-30,,,True
Leônidas Cristino,74299.0,,DEPUTADO_FEDERAL,CE,PDT,2022-03-30,,,True
Leur Lomanto Júnior,92102.0,,DEPUTADO_FEDERAL,BA,UNIÃO,2022-02-08,,,True
Lídice da Mata,139285.0,,DEPUTADO_FEDERAL,BA,PSB,2022-03-30,,,True
Lincoln Portela,74585.0,,DEPUTADO_FEDERAL,MG,PL,2022-03-21,,,True
Lindbergh Farias,74858.0,,DEPUTADO_FEDERAL,RJ,PT,2022-03-30,,,True
Loreny,171139.0,,DEPUTADO_FEDERAL,SP,SOLIDARIEDADE,2022-03-30,,,True
Lucas Abrahao,234253.0,,DEPUTADO_FEDERAL,AP,REDE,2022-03-30,,,True
Lucas Ramos,220662.0,,DEPUTADO_FEDERAL,PE,PSB,2022-03-30,,,True
Lucas Redecker,204404.0,,DEPUTADO_FEDERAL,RS,PSDB,2022-03-30,,,True
Lucas Redecker,204404.0,,DEPUTADO_FEDERAL,RS,PSD,2022-03-30,,,True
Luciano Alves,138286.0,,DEPUTADO_FEDERAL,PR,PSD,2022-03-30,,,True
Luciano Amaral,220581.0,,DEPUTADO_FEDERAL,AL,PV,2022-03-30,,,True
Luciano Amaral,220581.0,,DEPUTADO_FEDERAL,AL,PSD,2022-03-30,,,True
Luciano Azevedo,103758.0,,DEPUTADO_FEDERAL,RS,PSD,2022-03-30,,,True
Luciano Bivar,74478.0,,DEPUTADO_FEDERAL,PE,PSL,1998-04-10,2022-02-07,FUSAO_OU_INCORPORACAO,False
Luciano Bivar,74478.0,,DEPUTADO_FEDERAL,PE,UNIÃO,2022-02-08,,,True
Luciano Bivar,74478.0,,DEPUTADO_FEDERAL,PE,PSL,1998-04-10,2022-02-07,FUSAO_OU_INCORPORACAO,False
Luciano Bivar,74478.0,,DEPUTADO_FEDERAL,PE,UNIÃO,2022-02-08,,,True
Luciano Ducci,178931.0,,DEPUTADO_FEDERAL,PR,PSB,2022-03-30,,,True
Luciano Galego,227323.0,,DEPUTADO_FEDERAL,MA,PL,2022-03-30,,,True
Luciano Vieira,220616.0,,DEPUTADO_FEDERAL,RJ,PL,2022-03-30,,,True
Luciano Vieira,220616.0,,DEPUTADO_FEDERAL,RJ,REPUBLICANOS,2022-03-30,,,True
Luciano Vieira,220616.0,,DEPUTADO_FEDERAL,RJ,PSDB,2022-03-30,,,True
Lucio Mosquini,178954.0,,DEPUTADO_FEDERAL,RO,MDB,2022-03-30,,,True
Lucio Mosquini,178954.0,,DEPUTADO_FEDERAL,RO,PL,2022-03-30,,,True
Lucyana Genésio,229082.0,,DEPUTADO_FEDERAL,MA,PDT,2022-03-30,,,True
Luis Carlos Gomes,222429.0,,DEPUTADO_FEDERAL,RJ,REPUBLICANOS,2022-03-30,,,True
Luis Tibé,160510.0,,DEPUTADO_FEDERAL,MG,AVANTE,2022-03-30,,,True
Luisa Canziani,204410.0,,DEPUTADO_FEDERAL,PR,PSD,2022-03-26,,,True
Luisa Canziani,204410.0,,DEPUTADO_FEDERAL,PR,UNIÃO,2022-02-08,,,True
Luiz Antonio Corrêa,204448.0,,DEPUTADO_FEDERAL,RJ,PP,2022-03-30,,,True
Luiz Carlos Busato,141485.0,,DEPUTADO_FEDERAL,RS,UNIÃO,2022-02-08,,,True
Luiz Carlos Hauly,73778.0,,DEPUTADO_FEDERAL,PR,PODE,2022-03-30,,,True
Luiz Carlos Motta,204485.0,,DEPUTADO_FEDERAL,SP,PL,2022-03-21,,,True
Luiz Couto,74041.0,,DEPUTADO_FEDERAL,PB,PT,2022-03-30,,,True
Luiz Fernando Faria,141487.0,,DEPUTADO_FEDERAL,MG,PSD,2022-03-30,,,True
Luiz Fernando Faria,141487.0,,DEPUTADO_FEDERAL,MG,UNIÃO,2022-02-08,,,True
Luiz Fernando Vampiro,229432.0,,DEPUTADO_FEDERAL,SC,MDB,2022-03-30,,,True
Luiz Gastão,220658.0,,DEPUTADO_FEDERAL,CE,PSD,2022-03-26,,,True
Luiz Lima,204455.0,,DEPUTADO_FEDERAL,RJ,PL,2022-03-30,,,True
Luiz Lima,204455.0,,DEPUTADO_FEDERAL,RJ,NOVO,2022-03-30,,,True
Luiz Marinho,220636.0,,DEPUTADO_FEDERAL,SP,PT,2022-03-30,,,True
Luiz Nishimori,162332.0,,DEPUTADO_FEDERAL,PR,PSD,2022-03-30,,,True
Luiz Philippe de Orleans e Bragança,204526.0,,DEPUTADO_FEDERAL,SP,PL,2022-03-30,,,True
Luiza Erundina,74784.0,,DEPUTADO_FEDERAL,SP,PSOL,2022-03-30,,,True
Luizianne Lins,178866.0,,DEPUTADO_FEDERAL,CE,PT,2022-03-30,,,True
Luizianne Lins,178866.0,,DEPUTADO_FEDERAL,CE,REDE,2022-03-30,,,True
Lula da Fonte,220669.0,,DEPUTADO_FEDERAL,PE,PP,2022-03-30,,,True
Magda Mofatto,166402.0,,DEPUTADO_FEDERAL,GO,PL,2022-03-30,,,True
Magda Mofatto,166402.0,,DEPUTADO_FEDERAL,GO,PATRIOTA,2022-03-30,,,True
Magda Mofatto,166402.0,,DEPUTADO_FEDERAL,GO,PRD,2023-11-10,,,True
Magda Mofatto,166402.0,,DEPUTADO_FEDERAL,GO,PL,2022-03-30,,,True
Marangoni,220648.0,,DEPUTADO_FEDERAL,SP,UNIÃO,2022-02-08,,,True
Marangoni,220648.0,,DEPUTADO_FEDERAL,SP,PODE,2022-03-30,,,True
Marcel van Hattem,156190.0,,DEPUTADO_FEDERAL,RS,NOVO,2022-03-30,,,True
Marcelo Álvaro Antônio,179000.0,,DEPUTADO_FEDERAL,MG,PL,2022-03-30,,,True
Marcelo Calero,204433.0,,DEPUTADO_FEDERAL,RJ,PSD,2022-03-30,,,True
Marcelo Crivella,220599.0,,DEPUTADO_FEDERAL,RJ,REPUBLICANOS,2022-03-30,,,True
Marcelo Lima,220634.0,,DEPUTADO_FEDERAL,SP,SOLIDARIEDADE,2022-03-30,,,True
Marcelo Lima,220634.0,,DEPUTADO_FEDERAL,SP,S.PART.,2022-03-30,,,True
Marcelo Lima,220634.0,,DEPUTADO_FEDERAL,SP,PSB,2022-03-30,,,True
Marcelo Moraes,133810.0,,DEPUTADO_FEDERAL,RS,PL,2022-03-21,,,True
Marcelo Nilo,204558.0,,DEPUTADO_FEDERAL,BA,REPUBLICANOS,2022-03-30,,,True
Marcelo Queiroz,160161.0,,DEPUTADO_FEDERAL,RJ,PP,2022-03-30,,,True
Marcelo Queiroz,160161.0,,DEPUTADO_FEDERAL,RJ,PSDB,2022-03-30,,,True
Marcio Alvino,178983.0,,DEPUTADO_FEDERAL,SP,PL,2022-03-21,,,True
Márcio Biolchi,179001.0,,DEPUTADO_FEDERAL,RS,MDB,2022-03-30,,,True
Márcio Correa,226410.0,,DEPUTADO_FEDERAL,GO,MDB,2022-03-30,,,True
Márcio Honaiser,220687.0,,DEPUTADO_FEDERAL,MA,PDT,2022-03-30,,,True
Márcio Honaiser,220687.0,,DEPUTADO_FEDERAL,MA,SOLIDARIEDADE,2022-03-30,,,True
Márcio Honaiser,220687.0,,DEPUTADO_FEDERAL,MA,SOLIDARIEDADE,2022-03-30,,,True
Márcio Jerry,81055.0,,DEPUTADO_FEDERAL,MA,PCdoB,2022-03-30,,,True
Márcio Marinho,150418.0,,DEPUTADO_FEDERAL,BA,REPUBLICANOS,2022-03-30,,,True
Marco Bertaiolli,204522.0,,DEPUTADO_FEDERAL,SP,PSD,2022-03-26,,,True
Marco Brasil,219585.0,,DEPUTADO_FEDERAL,PR,PP,2022-03-30,,,True
Marcon,160535.0,,DEPUTADO_FEDERAL,RS,PT,2022-03-30,,,True
Marcos Aurélio Sampaio,204431.0,,DEPUTADO_FEDERAL,PI,PSD,2022-03-30,,,True
Marcos Aurélio Sampaio,204431.0,,DEPUTADO_FEDERAL,PI,MDB,2022-03-30,,,True
Marcos Braz,236375.0,,DEPUTADO_FEDERAL,RJ,PL,2022-03-30,,,True
Marcos Braz,236375.0,,DEPUTADO_FEDERAL,RJ,PSDB,2022-03-30,,,True
Marcos Pereira,204506.0,,DEPUTADO_FEDERAL,SP,REPUBLICANOS,2022-03-30,,,True
Marcos Pollon,220547.0,,DEPUTADO_FEDERAL,MS,PL,2022-03-21,,,True
Marcos Soares,178943.0,,DEPUTADO_FEDERAL,RJ,UNIÃO,2022-02-08,,,True
Marcos Soares,178943.0,,DEPUTADO_FEDERAL,RJ,PSDB,2022-03-30,,,True
Marcos Tavares,220604.0,,DEPUTADO_FEDERAL,RJ,PDT,2022-03-30,,,True
Maria Arraes,220668.0,,DEPUTADO_FEDERAL,PE,SOLIDARIEDADE,2022-03-30,,,True
Maria Arraes,220668.0,,DEPUTADO_FEDERAL,PE,PSB,2022-03-30,,,True
Maria do Rosário,74398.0,,DEPUTADO_FEDERAL,RS,PT,2022-03-30,,,True
Maria Rosas,204540.0,,DEPUTADO_FEDERAL,SP,REPUBLICANOS,2022-03-30,,,True
Mariana Carvalho,227275.0,,DEPUTADO_FEDERAL,MA,PSC,2022-03-30,,,True
Mariana Carvalho,227275.0,,DEPUTADO_FEDERAL,MA,PODE,2022-03-30,,,True
Mariana Carvalho,227275.0,,DEPUTADO_FEDERAL,MA,REPUBLICANOS,2022-03-30,,,True
Marina Silva,220637.0,,DEPUTADO_FEDERAL,SP,REDE,2022-03-30,,,True
Mario Frias,220655.0,,DEPUTADO_FEDERAL,SP,PL,2022-03-21,,,True
Mário Heringer,74158.0,,DEPUTADO_FEDERAL,MG,PDT,2022-03-30,,,True
Mário Negromonte Jr.,178858.0,,DEPUTADO_FEDERAL,BA,PP,2022-03-30,,,True
Mário Negromonte Jr.,178858.0,,DEPUTADO_FEDERAL,BA,PSB,2022-03-30,,,True
Marreca Filho,204566.0,,DEPUTADO_FEDERAL,MA,PATRIOTA,2022-03-30,,,True
Marreca Filho,204566.0,,DEPUTADO_FEDERAL,MA,PRD,2023-11-10,,,True
Marussa Boldrin,220572.0,,DEPUTADO_FEDERAL,GO,MDB,2022-03-30,,,True
Marussa Boldrin,220572.0,,DEPUTADO_FEDERAL,GO,REPUBLICANOS,2022-03-30,,,True
Marx Beltrão,178843.0,,DEPUTADO_FEDERAL,AL,PP,2022-03-30,,,True
Marx Beltrão,178843.0,,DEPUTADO_FEDERAL,AL,UNIÃO,2022-02-08,,,True
Matheus Noronha,220661.0,,DEPUTADO_FEDERAL,CE,PL,2022-03-30,,,True
Maurício Carvalho,220609.0,,DEPUTADO_FEDERAL,RO,UNIÃO,2022-02-08,,,True
Mauricio do Vôlei,220628.0,,DEPUTADO_FEDERAL,MG,PL,2022-03-21,,,True
Mauricio Marcon,220550.0,,DEPUTADO_FEDERAL,RS,PODE,2022-03-30,,,True
Mauricio Marcon,220550.0,,DEPUTADO_FEDERAL,RS,PL,2022-03-30,,,True
Mauricio Neves,220647.0,,DEPUTADO_FEDERAL,SP,PP,2022-03-30,,,True
Mauro Benevides Filho,204486.0,,DEPUTADO_FEDERAL,CE,PDT,2022-03-30,,,True
Mauro Benevides Filho,204486.0,,DEPUTADO_FEDERAL,CE,UNIÃO,2022-02-08,,,True
Max Lemos,220607.0,,DEPUTADO_FEDERAL,RJ,PROS,2022-03-30,,,True
Max Lemos,220607.0,,DEPUTADO_FEDERAL,RJ,SOLIDARIEDADE,2022-03-30,,,True
Max Lemos,220607.0,,DEPUTADO_FEDERAL,RJ,PDT,2022-03-30,,,True
Max Lemos,220607.0,,DEPUTADO_FEDERAL,RJ,UNIÃO,2022-02-08,,,True
Meire Serafim,220591.0,,DEPUTADO_FEDERAL,AC,UNIÃO,2022-02-08,,,True
Mendonça Filho,74428.0,,DEPUTADO_FEDERAL,PE,UNIÃO,2022-02-08,,,True
Mendonça Filho,74428.0,,DEPUTADO_FEDERAL,PE,PL,2022-03-21,,,True
Merlong Solano,188097.0,,DEPUTADO_FEDERAL,PI,PT,2022-03-30,,,True
Mersinho Lucena,220585.0,,DEPUTADO_FEDERAL,PB,PP,2022-03-30,,,True
Mersinho Lucena,220585.0,,DEPUTADO_FEDERAL,PB,PSD,2022-03-30,,,True
Messias Donato,220530.0,,DEPUTADO_FEDERAL,ES,REPUBLICANOS,2022-03-30,,,True
Messias Donato,220530.0,,DEPUTADO_FEDERAL,ES,UNIÃO,2022-02-08,,,True
Miguel Ângelo,171786.0,,DEPUTADO_FEDERAL,MG,PT,2022-03-30,,,True
Miguel Lombardi,178985.0,,DEPUTADO_FEDERAL,SP,PL,2022-03-30,,,True
Milton Vieira,154178.0,,DEPUTADO_FEDERAL,SP,REPUBLICANOS,2022-03-30,,,True
Misael Varella,178895.0,,DEPUTADO_FEDERAL,MG,PSD,2022-03-30,,,True
Missionária Michele Collins,229225.0,,DEPUTADO_FEDERAL,PE,PP,2022-03-30,,,True
Missionário José Olimpio,160561.0,,DEPUTADO_FEDERAL,SP,PL,2022-03-30,,,True
Moses Rodrigues,178997.0,,DEPUTADO_FEDERAL,CE,UNIÃO,2022-02-08,,,True
Murillo Gouvea,220617.0,,DEPUTADO_FEDERAL,RJ,UNIÃO,2022-02-08,,,True
Murillo Gouvea,220617.0,,DEPUTADO_FEDERAL,RJ,PSDB,2022-03-30,,,True
Murillo Gouvea,220617.0,,DEPUTADO_FEDERAL,RJ,PSDB,2022-03-30,,,True
Murilo Galdino,220584.0,,DEPUTADO_FEDERAL,PB,REPUBLICANOS,2022-03-30,,,True
Natália Bonavides,204453.0,,DEPUTADO_FEDERAL,RN,PT,2022-03-30,,,True
Naumi Amorim,228042.0,,DEPUTADO_FEDERAL,CE,PSD,2022-03-30,,,True
Nelinho Freitas,233218.0,,DEPUTADO_FEDERAL,CE,MDB,2022-03-30,,,True
Nelson Barbudo,204449.0,,DEPUTADO_FEDERAL,MT,PL,2022-03-21,,,True
Nelson Barbudo,204449.0,,DEPUTADO_FEDERAL,MT,PODE,2022-03-30,,,True
Nely Aquino,220622.0,,DEPUTADO_FEDERAL,MG,PODE,2022-03-30,,,True
Neto Carletto,220703.0,,DEPUTADO_FEDERAL,BA,PP,2022-03-30,,,True
Neto Carletto,220703.0,,DEPUTADO_FEDERAL,BA,AVANTE,2022-03-30,,,True
Newton Bonin,229939.0,,DEPUTADO_FEDERAL,PR,UNIÃO,2022-02-08,,,True
Newton Cardoso Jr,178896.0,,DEPUTADO_FEDERAL,MG,MDB,2022-03-30,,,True
Nicoletti,204479.0,,DEPUTADO_FEDERAL,RR,UNIÃO,2022-02-08,,,True
Nicoletti,204479.0,,DEPUTADO_FEDERAL,RR,PL,2022-03-21,,,True
Nikolas Ferreira,209787.0,,DEPUTADO_FEDERAL,MG,PRTB,2020-04-05,2022-03-15,MUDANCA_VOLUNTARIA,False
Nikolas Ferreira,209787.0,,DEPUTADO_FEDERAL,MG,PL,2022-03-16,,,True
Nilto Tatto,178986.0,,DEPUTADO_FEDERAL,SP,PT,2022-03-30,,,True
Nitinho,227660.0,,DEPUTADO_FEDERAL,SE,PSD,2022-03-26,,,True
Nivaldo Albuquerque,194260.0,,DEPUTADO_FEDERAL,AL,REPUBLICANOS,2022-03-30,,,True
Nivaldo Albuquerque,194260.0,,DEPUTADO_FEDERAL,AL,UNIÃO,2022-02-08,,,True
Odair Cunha,74159.0,,DEPUTADO_FEDERAL,MG,PT,2022-03-30,,,True
Olival Marques,204498.0,,DEPUTADO_FEDERAL,PA,MDB,2022-03-30,,,True
Olival Marques,204498.0,,DEPUTADO_FEDERAL,PA,PODE,2022-03-30,,,True
Orlando Silva,178987.0,,DEPUTADO_FEDERAL,SP,PCdoB,2022-03-30,,,True
Osmar Terra,73692.0,,DEPUTADO_FEDERAL,RS,MDB,2022-03-30,,,True
Osmar Terra,73692.0,,DEPUTADO_FEDERAL,RS,PL,2022-03-30,,,True
Ossesio Silva,204422.0,,DEPUTADO_FEDERAL,PE,REPUBLICANOS,2022-03-30,,,True
Otoni de Paula,204441.0,,DEPUTADO_FEDERAL,RJ,MDB,2022-03-30,,,True
Otoni de Paula,204441.0,,DEPUTADO_FEDERAL,RJ,PSD,2022-03-30,,,True
Otto Alencar Filho,204573.0,,DEPUTADO_FEDERAL,BA,PSD,2022-03-30,,,True
Padovani,220706.0,,DEPUTADO_FEDERAL,PR,UNIÃO,2022-02-08,,,True
Padovani,220706.0,,DEPUTADO_FEDERAL,PR,PL,2022-03-30,,,True
Padovani,220706.0,,DEPUTADO_FEDERAL,PR,REPUBLICANOS,2022-03-30,,,True
Padovani,220706.0,,DEPUTADO_FEDERAL,PR,PP,2022-03-30,,,True
Padre João,160556.0,,DEPUTADO_FEDERAL,MG,PT,2022-03-30,,,True
Pastor Claudio Mariano,230762.0,,DEPUTADO_FEDERAL,PA,UNIÃO,2022-02-08,,,True
Pastor Diniz,180214.0,,DEPUTADO_FEDERAL,RR,UNIÃO,2022-02-08,,,True
Pastor Eurico,160642.0,,DEPUTADO_FEDERAL,PE,PL,2022-03-30,,,True
Pastor Eurico,160642.0,,DEPUTADO_FEDERAL,PE,PSDB,2022-03-30,,,True
Pastor Gil,204570.0,,DEPUTADO_FEDERAL,MA,PL,2022-03-30,,,True
Pastor Henrique Vieira,220615.0,,DEPUTADO_FEDERAL,RJ,PSOL,2022-03-30,,,True
Pastor Sargento Isidório,204553.0,,DEPUTADO_FEDERAL,BA,AVANTE,2022-03-30,,,True
Patrus Ananias,74160.0,,DEPUTADO_FEDERAL,MG,PT,2022-03-30,,,True
Pauderney Avelino,74095.0,,DEPUTADO_FEDERAL,AM,UNIÃO,2022-02-08,,,True
Paulão,171617.0,,DEPUTADO_FEDERAL,AL,PT,2022-03-30,,,True
Paulinho da Força,141518.0,,DEPUTADO_FEDERAL,SP,SOLIDARIEDADE,2023-02-15,,,True
Paulinho Freire,220627.0,,DEPUTADO_FEDERAL,RN,UNIÃO,2022-02-08,,,True
Paulo Abi-Ackel,141516.0,,DEPUTADO_FEDERAL,MG,PSDB,2022-03-30,,,True
Paulo Alexandre Barbosa,220650.0,,DEPUTADO_FEDERAL,SP,PSDB,2022-03-30,,,True
Paulo Alexandre Barbosa,220650.0,,DEPUTADO_FEDERAL,SP,PSD,2022-03-30,,,True
Paulo Azi,178860.0,,DEPUTADO_FEDERAL,BA,UNIÃO,2022-02-08,,,True
Paulo Foletto,160517.0,,DEPUTADO_FEDERAL,ES,PSB,2022-03-30,,,True
Paulo Folletto,160517.0,,DEPUTADO_FEDERAL,ES,PSB,2022-03-30,,,True
Paulo Freire Costa,160558.0,,DEPUTADO_FEDERAL,SP,PL,2022-03-30,,,True
Paulo Guedes,204492.0,,DEPUTADO_FEDERAL,MG,PT,2022-03-30,,,True
Paulo Lemos,233592.0,,DEPUTADO_FEDERAL,AP,PSOL,2022-03-30,,,True
Paulo Lemos,233592.0,,DEPUTADO_FEDERAL,AP,PT,2022-03-30,,,True
Paulo Litro,220685.0,,DEPUTADO_FEDERAL,PR,PSD,2022-03-26,,,True
Paulo Litro,220685.0,,DEPUTADO_FEDERAL,PR,UNIÃO,2022-02-08,,,True
Paulo Magalhães,74574.0,,DEPUTADO_FEDERAL,BA,PSD,2022-03-30,,,True
Paulo Marinho Jr,128760.0,,DEPUTADO_FEDERAL,MA,PL,2022-03-30,,,True
Paulo Pimenta,74400.0,,DEPUTADO_FEDERAL,RS,PT,2022-03-30,,,True
Paulo Soares,154700.0,,DEPUTADO_FEDERAL,SP,PODE,2022-03-30,,,True
Paulo Soares Jornalista,154700.0,,DEPUTADO_FEDERAL,SP,PODE,2022-03-30,,,True
Paulo Teixeira,141488.0,,DEPUTADO_FEDERAL,SP,PT,2022-03-30,,,True
Pedro Aihara,220630.0,,DEPUTADO_FEDERAL,MG,PATRIOTA,2022-03-30,,,True
Pedro Aihara,220630.0,,DEPUTADO_FEDERAL,MG,PRD,2023-11-10,,,True
Pedro Aihara,220630.0,,DEPUTADO_FEDERAL,MG,PP,2022-03-30,,,True
Pedro Campos,220667.0,,DEPUTADO_FEDERAL,PE,PSB,2022-03-30,,,True
Pedro Jr,229112.0,,DEPUTADO_FEDERAL,TO,PL,2022-03-30,,,True
Pedro Lucas Fernandes,122974.0,,DEPUTADO_FEDERAL,MA,UNIÃO,2022-02-08,,,True
Pedro Lupion,204395.0,,DEPUTADO_FEDERAL,PR,PP,2022-03-30,,,True
Pedro Lupion,204395.0,,DEPUTADO_FEDERAL,PR,REPUBLICANOS,2022-03-30,,,True
Pedro Paulo,122158.0,,DEPUTADO_FEDERAL,RJ,PSD,2022-03-30,,,True
Pedro Tourinho,229259.0,,DEPUTADO_FEDERAL,SP,PT,2022-03-30,,,True
Pedro Uczai,160604.0,,DEPUTADO_FEDERAL,SC,PT,2022-03-30,,,True
Pedro Westphalen,204406.0,,DEPUTADO_FEDERAL,RS,PP,2022-03-30,,,True
Pezenti,161440.0,,DEPUTADO_FEDERAL,SC,MDB,2022-03-30,,,True
Pinheirinho,204524.0,,DEPUTADO_FEDERAL,MG,PP,2022-03-30,,,True
Pompeo de Mattos,73486.0,,DEPUTADO_FEDERAL,RS,PDT,2022-03-30,,,True
Pr. Marco Feliciano,160601.0,,DEPUTADO_FEDERAL,SP,PL,2022-03-30,,,True
Priscila Costa,226075.0,,DEPUTADO_FEDERAL,CE,PL,2022-03-30,,,True
Prof. Paulo Fernando,89536.0,,DEPUTADO_FEDERAL,DF,REPUBLICANOS,2022-03-30,,,True
Prof. Reginaldo Veras,220533.0,,DEPUTADO_FEDERAL,DF,PV,2022-03-30,,,True
Professor Alcides,204390.0,,DEPUTADO_FEDERAL,GO,PL,2022-03-30,,,True
Professor Alcides,204390.0,,DEPUTADO_FEDERAL,GO,PSDB,2022-03-30,,,True
Professora Goreth,220580.0,,DEPUTADO_FEDERAL,AP,PDT,2022-03-30,,,True
Professora Luciene Cavalcante,221338.0,,DEPUTADO_FEDERAL,SP,PSOL,2022-03-30,,,True
Professora Marcivania,160641.0,,DEPUTADO_FEDERAL,AP,PCdoB,2022-03-30,,,True
Rafael Brito,220586.0,,DEPUTADO_FEDERAL,AL,MDB,2022-03-30,,,True
Rafael Fera,233594.0,,DEPUTADO_FEDERAL,RO,PODE,2022-03-30,,,True
Rafael Fera o Fiscal do Povo,233594.0,,DEPUTADO_FEDERAL,RO,PODE,2022-03-30,,,True
Rafael Prudente,220532.0,,DEPUTADO_FEDERAL,DF,MDB,2022-03-30,,,True
Rafael Simoes,220626.0,,DEPUTADO_FEDERAL,MG,UNIÃO,2022-02-08,,,True
Raimundo Costa,204567.0,,DEPUTADO_FEDERAL,BA,PODE,2022-03-30,,,True
Raimundo Costa,204567.0,,DEPUTADO_FEDERAL,BA,PSD,2022-03-30,,,True
Raimundo Santos,74084.0,,DEPUTADO_FEDERAL,PA,PSD,2022-03-30,,,True
Raniery Paulino,115200.0,,DEPUTADO_FEDERAL,PB,REPUBLICANOS,2022-03-30,,,True
Reginaldo Lopes,74161.0,,DEPUTADO_FEDERAL,MG,PT,2022-03-30,,,True
Reginete Bispo,221378.0,,DEPUTADO_FEDERAL,RS,PT,2022-03-30,,,True
Reimont,220606.0,,DEPUTADO_FEDERAL,RJ,PT,2022-03-30,,,True
Reinhold Stephanes,205865.0,,DEPUTADO_FEDERAL,PR,PSD,2022-03-30,,,True
Reinhold Stephanes,205865.0,,DEPUTADO_FEDERAL,PR,PL,2022-03-21,,,True
Renan Ferreirinha,225386.0,,DEPUTADO_FEDERAL,RJ,PSD,2022-03-30,,,True
Renata Abreu,178989.0,,DEPUTADO_FEDERAL,SP,PODE,2022-03-30,,,True
Renilce Nicodemos,153423.0,,DEPUTADO_FEDERAL,PA,MDB,2022-03-30,,,True
Renildo Calheiros,73801.0,,DEPUTADO_FEDERAL,PE,PCdoB,2022-03-30,,,True
Ribamar Silva,175765.0,,DEPUTADO_FEDERAL,SP,PSD,2022-03-26,,,True
Ribamar Silva,175765.0,,DEPUTADO_FEDERAL,SP,PODE,2022-03-30,,,True
Ribeiro Neto,235088.0,,DEPUTADO_FEDERAL,MA,PATRIOTA,2022-03-30,,,True
Ribeiro Neto,235088.0,,DEPUTADO_FEDERAL,MA,PRD,2023-11-10,,,True
Ribeiro Neto,235088.0,,DEPUTADO_FEDERAL,MA,SOLIDARIEDADE,2023-02-15,,,True
Ricardo Abrão,221329.0,,DEPUTADO_FEDERAL,RJ,UNIÃO,2022-02-08,,,True
Ricardo Abrão,221329.0,,DEPUTADO_FEDERAL,RJ,PSDB,2022-03-30,,,True
Ricardo Ayres,220543.0,,DEPUTADO_FEDERAL,TO,REPUBLICANOS,2022-03-30,,,True
Ricardo Barros,73788.0,,DEPUTADO_FEDERAL,PR,PP,2022-03-30,,,True
Ricardo Galvão,234310.0,,DEPUTADO_FEDERAL,SP,REDE,2022-03-30,,,True
Ricardo Guidi,204362.0,,DEPUTADO_FEDERAL,SC,PSD,2022-03-26,,,True
Ricardo Guidi,204362.0,,DEPUTADO_FEDERAL,SC,PL,2022-03-21,,,True
Ricardo Maia,220694.0,,DEPUTADO_FEDERAL,BA,MDB,2022-03-30,,,True
Ricardo Salles,220633.0,,DEPUTADO_FEDERAL,SP,NOVO,2018-03-10,2020-05-08,EXPULSAO,False
Ricardo Salles,220633.0,,DEPUTADO_FEDERAL,SP,PL,2022-03-15,,,True
Ricardo Salles,220633.0,,DEPUTADO_FEDERAL,SP,NOVO,2018-03-10,2020-05-08,EXPULSAO,False
Ricardo Salles,220633.0,,DEPUTADO_FEDERAL,SP,PL,2022-03-15,,,True
Ricardo Silva,213274.0,,DEPUTADO_FEDERAL,SP,PSD,2022-03-26,,,True
Robério Monteiro,204489.0,,DEPUTADO_FEDERAL,CE,PDT,2022-03-30,,,True
Robério Monteiro,204489.0,,DEPUTADO_FEDERAL,CE,PSB,2022-03-30,,,True
Roberta Roma,220693.0,,DEPUTADO_FEDERAL,BA,PL,2022-03-30,,,True
Roberto Duarte,220588.0,,DEPUTADO_FEDERAL,AC,REPUBLICANOS,2022-03-30,,,True
Roberto Monteiro,220613.0,,DEPUTADO_FEDERAL,RJ,PL,2022-03-30,,,True
Roberto Monteiro Pai,220613.0,,DEPUTADO_FEDERAL,RJ,PL,2022-03-30,,,True
Robinson Faria,220624.0,,DEPUTADO_FEDERAL,RN,PL,2022-03-30,,,True
Robinson Faria,220624.0,,DEPUTADO_FEDERAL,RN,PP,2022-03-30,,,True
Rodolfo Nogueira,220546.0,,DEPUTADO_FEDERAL,MS,PL,2022-03-30,,,True
Rodrigo da Zaeli,230767.0,,DEPUTADO_FEDERAL,MT,PL,2022-03-30,,,True
Rodrigo de Castro,141531.0,,DEPUTADO_FEDERAL,MG,UNIÃO,2022-02-08,,,True
Rodrigo Estacho,223128.0,,DEPUTADO_FEDERAL,PR,PSD,2022-03-30,,,True
Rodrigo Gambale,220641.0,,DEPUTADO_FEDERAL,SP,PODE,2022-03-30,,,True
Rodrigo Rollemberg,141533.0,,DEPUTADO_FEDERAL,DF,PSB,2022-03-30,,,True
Rodrigo Valadares,165470.0,,DEPUTADO_FEDERAL,SE,UNIÃO,2022-02-08,,,True
Rodrigo Valadares,165470.0,,DEPUTADO_FEDERAL,SE,PL,2022-03-21,,,True
Rogéria Santos,220695.0,,DEPUTADO_FEDERAL,BA,REPUBLICANOS,2022-03-30,,,True
Rogério Correia,204480.0,,DEPUTADO_FEDERAL,MG,PT,2022-03-30,,,True
Romero Rodrigues,160629.0,,DEPUTADO_FEDERAL,PB,PSC,2022-03-30,,,True
Romero Rodrigues,160629.0,,DEPUTADO_FEDERAL,PB,PODE,2022-03-30,,,True
Ronaldo Nogueira,163321.0,,DEPUTADO_FEDERAL,RS,REPUBLICANOS,2022-03-30,,,True
Rosana Valle,204525.0,,DEPUTADO_FEDERAL,SP,PL,2022-03-30,,,True
Rosangela Gomes,178945.0,,DEPUTADO_FEDERAL,RJ,REPUBLICANOS,2022-03-30,,,True
Rosângela Moro,220644.0,,DEPUTADO_FEDERAL,SP,UNIÃO,2022-02-08,,,True
Rosângela Moro,220644.0,,DEPUTADO_FEDERAL,SP,PL,2022-03-30,,,True
Rosângela Reis,220620.0,,DEPUTADO_FEDERAL,MG,PL,2022-03-30,,,True
Roseana Sarney,73806.0,,DEPUTADO_FEDERAL,MA,MDB,2022-03-30,,,True
Rubens Otoni,74371.0,,DEPUTADO_FEDERAL,GO,PT,2022-03-30,,,True
Rubens Pereira Júnior,178887.0,,DEPUTADO_FEDERAL,MA,PT,2022-03-30,,,True
Rui Falcão,73604.0,,DEPUTADO_FEDERAL,SP,PT,2022-03-30,,,True
Ruy Carneiro,160635.0,,DEPUTADO_FEDERAL,PB,PSC,2022-03-30,,,True
Ruy Carneiro,160635.0,,DEPUTADO_FEDERAL,PB,PODE,2022-03-30,,,True
Sâmia Bomfim,204535.0,,DEPUTADO_FEDERAL,SP,PSOL,2022-03-30,,,True
Samuel dos Santos,233598.0,,DEPUTADO_FEDERAL,GO,PSC,2022-03-30,,,True
Samuel dos Santos,233598.0,,DEPUTADO_FEDERAL,GO,PODE,2022-03-30,,,True
Samuel Santos,233598.0,,DEPUTADO_FEDERAL,GO,PSC,2022-03-30,,,True
Samuel Santos,233598.0,,DEPUTADO_FEDERAL,GO,PODE,2022-03-30,,,True
Samuel Viana,220631.0,,DEPUTADO_FEDERAL,MG,PL,2022-03-30,,,True
Samuel Viana,220631.0,,DEPUTADO_FEDERAL,MG,REPUBLICANOS,2022-03-30,,,True
Samuel Viana,220631.0,,DEPUTADO_FEDERAL,MG,UNIÃO,2022-02-08,,,True
Sanderson,204416.0,,DEPUTADO_FEDERAL,RS,PL,2022-03-30,,,True
Sandro Alex,160621.0,,DEPUTADO_FEDERAL,PR,PSD,2022-03-30,,,True
Santin Roveda,236518.0,,DEPUTADO_FEDERAL,PR,UNIÃO,2022-02-08,,,True
Sargento Fahur,204387.0,,DEPUTADO_FEDERAL,PR,PSD,2022-03-30,,,True
Sargento Fahur,204387.0,,DEPUTADO_FEDERAL,PR,PL,2022-03-30,,,True
Sargento Gonçalves,220621.0,,DEPUTADO_FEDERAL,RN,PL,2022-03-30,,,True
Sargento Portugal,220618.0,,DEPUTADO_FEDERAL,RJ,PODE,2022-03-30,,,True
Saullo Vianna,220713.0,,DEPUTADO_FEDERAL,AM,UNIÃO,2022-02-08,,,True
Saullo Vianna,220713.0,,DEPUTADO_FEDERAL,AM,MDB,2022-03-30,,,True
Saulo Pedroso,226837.0,,DEPUTADO_FEDERAL,SP,PSD,2022-03-26,,,True
Sérgio Brito,73808.0,,DEPUTADO_FEDERAL,BA,PSD,2022-03-30,,,True
Sergio Santos Rodrigues,77003.0,,DEPUTADO_FEDERAL,MG,PODE,2022-03-30,,,True
Sergio Souza,178933.0,,DEPUTADO_FEDERAL,PR,MDB,2022-03-30,,,True
Sérgio Turra,235776.0,,DEPUTADO_FEDERAL,RS,PP,2022-03-30,,,True
Sidney Leite,204557.0,,DEPUTADO_FEDERAL,AM,PSD,2022-03-26,,,True
Silas Câmara,74356.0,,DEPUTADO_FEDERAL,AM,REPUBLICANOS,2022-03-30,,,True
Silvia Cristina,204360.0,,DEPUTADO_FEDERAL,RO,PL,2022-03-30,,,True
Silvia Cristina,204360.0,,DEPUTADO_FEDERAL,RO,PP,2022-03-30,,,True
Silvia Waiãpi,220579.0,,DEPUTADO_FEDERAL,AP,PL,2022-03-30,,,True
Silvio Antonio,227310.0,,DEPUTADO_FEDERAL,MA,PL,2022-03-21,,,True
Silvio Costa Filho,204425.0,,DEPUTADO_FEDERAL,PE,REPUBLICANOS,2022-03-30,,,True
Silvye Alves,220569.0,,DEPUTADO_FEDERAL,GO,UNIÃO,2022-02-08,,,True
Simone Marquetto,220651.0,,DEPUTADO_FEDERAL,SP,MDB,2022-03-30,,,True
Simone Marquetto,220651.0,,DEPUTADO_FEDERAL,SP,PP,2022-03-30,,,True
Socorro Neri,104552.0,,DEPUTADO_FEDERAL,AC,PP,2022-03-30,,,True
Soldado Noelio,222565.0,,DEPUTADO_FEDERAL,CE,UNIÃO,2022-02-08,,,True
Sônia Guajajara,220643.0,,DEPUTADO_FEDERAL,SP,PSOL,2022-03-30,,,True
Sonize Barbosa,220575.0,,DEPUTADO_FEDERAL,AP,PL,2022-03-21,,,True
Soraya Santos,178946.0,,DEPUTADO_FEDERAL,RJ,PL,2022-03-30,,,True
Sóstenes Cavalcante,178947.0,,DEPUTADO_FEDERAL,RJ,PL,2022-03-30,,,True
Stefano Aguiar,92776.0,,DEPUTADO_FEDERAL,MG,PSD,2022-03-30,,,True
Tabata Amaral,204534.0,,DEPUTADO_FEDERAL,SP,PDT,2018-04-05,2021-09-15,MUDANCA_VOLUNTARIA,False
Tabata Amaral,204534.0,,DEPUTADO_FEDERAL,SP,PSB,2021-09-16,,,True
Tadeu Oliveira,230177.0,,DEPUTADO_FEDERAL,CE,PL,2022-03-30,,,True
Tadeu Veneri,220682.0,,DEPUTADO_FEDERAL,PR,PT,2022-03-30,,,True
Talíria Petrone,204464.0,,DEPUTADO_FEDERAL,RJ,PSOL,2022-03-30,,,True
Tarcísio Motta,220598.0,,DEPUTADO_FEDERAL,RJ,PSOL,2022-03-30,,,True
Tenente Coronel Zucco,220552.0,,DEPUTADO_FEDERAL,RS,REPUBLICANOS,2022-03-30,,,True
Tenente Coronel Zucco,220552.0,,DEPUTADO_FEDERAL,RS,PL,2022-03-30,,,True
Thiago de Joaldo,220560.0,,DEPUTADO_FEDERAL,SE,PP,2022-03-30,,,True
Thiago de Joaldo,220560.0,,DEPUTADO_FEDERAL,SE,REPUBLICANOS,2022-03-30,,,True
Thiago Flores,220597.0,,DEPUTADO_FEDERAL,RO,MDB,2022-03-30,,,True
Thiago Flores,220597.0,,DEPUTADO_FEDERAL,RO,REPUBLICANOS,2022-03-30,,,True
Thiago Flores,220597.0,,DEPUTADO_FEDERAL,RO,UNIÃO,2022-02-08,,,True
Tiago Dimas,143084.0,,DEPUTADO_FEDERAL,TO,PODE,2022-03-30,,,True
Tião Medeiros,220684.0,,DEPUTADO_FEDERAL,PR,PP,2022-03-30,,,True
Tiririca,160976.0,,DEPUTADO_FEDERAL,SP,PL,2022-03-30,,,True
Tiririca,160976.0,,DEPUTADO_FEDERAL,SP,PSD,2022-03-30,,,True
Toninho Wandscheer,178934.0,,DEPUTADO_FEDERAL,PR,PROS,2022-03-30,,,True
Toninho Wandscheer,178934.0,,DEPUTADO_FEDERAL,PR,PP,2022-03-30,,,True
Túlio Gadêlha,157130.0,,DEPUTADO_FEDERAL,PE,REDE,2022-03-30,,,True
Túlio Gadêlha,157130.0,,DEPUTADO_FEDERAL,PE,PSD,2022-03-30,,,True
Ulisses Guimarães,223398.0,,DEPUTADO_FEDERAL,MG,MDB,2022-03-30,,,True
Valdir Trindade,236423.0,,DEPUTADO_FEDERAL,PB,REPUBLICANOS,2022-03-30,,,True
Valmir Assunção,160610.0,,DEPUTADO_FEDERAL,BA,PT,2022-03-30,,,True
Vander Loubet,74376.0,,DEPUTADO_FEDERAL,MS,PT,2022-03-30,,,True
Vanderlan Alves,234673.0,,DEPUTADO_FEDERAL,CE,UNIÃO,2022-02-08,,,True
Vanderlan Alves,234673.0,,DEPUTADO_FEDERAL,CE,REPUBLICANOS,2022-03-30,,,True
Vanderlan Alves,234673.0,,DEPUTADO_FEDERAL,CE,SOLIDARIEDADE,2022-03-30,,,True
Vavá,235712.0,,DEPUTADO_FEDERAL,MG,AVANTE,2022-03-30,,,True
Vermelho,204396.0,,DEPUTADO_FEDERAL,PR,PL,2022-03-21,,,True
Vermelho,204396.0,,DEPUTADO_FEDERAL,PR,PP,2022-03-30,,,True
Vermelho,204396.0,,DEPUTADO_FEDERAL,PR,PL,2022-03-30,,,True
Vicentinho,74283.0,,DEPUTADO_FEDERAL,SP,PT,2022-03-30,,,True
Vicentinho Júnior,137070.0,,DEPUTADO_FEDERAL,TO,PP,2022-03-30,,,True
Vicentinho Júnior,137070.0,,DEPUTADO_FEDERAL,TO,PSDB,2022-03-30,,,True
Vinicius Carvalho,141555.0,,DEPUTADO_FEDERAL,SP,REPUBLICANOS,2022-03-30,,,True
Vinicius Carvalho,141555.0,,DEPUTADO_FEDERAL,SP,PL,2022-03-30,,,True
Vinicius Gurgel,160591.0,,DEPUTADO_FEDERAL,AP,PL,2022-03-21,,,True
Vitor Lippi,178992.0,,DEPUTADO_FEDERAL,SP,PSDB,2022-03-30,,,True
Vitor Lippi,178992.0,,DEPUTADO_FEDERAL,SP,PSD,2022-03-26,,,True
Waldemar Oliveira,91228.0,,DEPUTADO_FEDERAL,PE,AVANTE,2022-03-30,,,True
Waldenor Pereira,160569.0,,DEPUTADO_FEDERAL,BA,PT,2022-03-30,,,True
Washington Quaquá,220601.0,,DEPUTADO_FEDERAL,RJ,PT,2022-03-30,,,True
Weliton Prado,160518.0,,DEPUTADO_FEDERAL,MG,PROS,2022-03-30,,,True
Weliton Prado,160518.0,,DEPUTADO_FEDERAL,MG,SOLIDARIEDADE,2023-02-15,,,True
Weliton Prado,160518.0,,DEPUTADO_FEDERAL,MG,PSD,2022-03-30,,,True
Wellington Roberto,74043.0,,DEPUTADO_FEDERAL,PB,PL,2022-03-30,,,True
Wellington Roberto,74043.0,,DEPUTADO_FEDERAL,PB,PSD,2022-03-30,,,True
Welter,224333.0,,DEPUTADO_FEDERAL,PR,PT,2022-03-30,,,True
Wilson Santiago,74044.0,,DEPUTADO_FEDERAL,PB,REPUBLICANOS,2022-03-30,,,True
Wolmer Araújo,182146.0,,DEPUTADO_FEDERAL,MA,PATRIOTA,2022-03-30,,,True
Wolmer Araújo,182146.0,,DEPUTADO_FEDERAL,MA,SOLIDARIEDADE,2022-03-30,,,True
Yandra Moura,220564.0,,DEPUTADO_FEDERAL,SE,UNIÃO,2022-02-08,,,True
Yury Bruno,220660.0,,DEPUTADO_FEDERAL,CE,PL,2022-03-21,,,True
Yury Bruno,220660.0,,DEPUTADO_FEDERAL,CE,S.PART.,2022-03-30,,,True
Yury Bruno,220660.0,,DEPUTADO_FEDERAL,CE,MDB,2022-03-30,,,True
Yury do Paredão,220660.0,,DEPUTADO_FEDERAL,CE,PL,2022-03-30,,,True
Yury do Paredão,220660.0,,DEPUTADO_FEDERAL,CE,S.PART.,2022-03-30,,,True
Yury do Paredão,220660.0,,DEPUTADO_FEDERAL,CE,MDB,2022-03-30,,,True
Zé Adriano,230768.0,,DEPUTADO_FEDERAL,AC,PP,2022-03-30,,,True
Zé Haroldo Cathedral,220536.0,,DEPUTADO_FEDERAL,RR,PSD,2022-03-30,,,True
Zé Haroldo Cathedral,220536.0,,DEPUTADO_FEDERAL,RR,UNIÃO,2022-02-08,,,True
Zé Neto,204559.0,,DEPUTADO_FEDERAL,BA,PT,2022-03-30,,,True
Zé Silva,160632.0,,DEPUTADO_FEDERAL,MG,SOLIDARIEDADE,2022-03-30,,,True
Zé Silva,160632.0,,DEPUTADO_FEDERAL,MG,UNIÃO,2022-02-08,,,True
Zé Trovão,220558.0,,DEPUTADO_FEDERAL,SC,PL,2022-03-21,,,True
Zé Vitor,204517.0,,DEPUTADO_FEDERAL,MG,PL,2022-03-30,,,True
Zeca Dirceu,160592.0,,DEPUTADO_FEDERAL,PR,PT,2022-03-30,,,True
Zezinho Barbary,220592.0,,DEPUTADO_FEDERAL,AC,PP,2022-03-30,,,True
Zucco,220552.0,,DEPUTADO_FEDERAL,RS,REPUBLICANOS,2022-03-30,,,True
Zucco,220552.0,,DEPUTADO_FEDERAL,RS,PL,2022-03-30,,,True
