ano,analfabetismo,extrema_pobreza_pct,extrema_pobreza_milhoes,inseguranca_alimentar_pct,inseguranca_alimentar_milhoes,gini
1993,16.0,17.5,27.2,12.0,18.6,0.601
1994,15.6,16.2,25.5,11.5,18.0,0.6
1995,15.5,14.8,23.6,11.0,17.5,0.596
1996,14.7,14.2,23.0,10.8,17.4,0.598
1997,14.7,13.9,22.9,10.5,17.2,0.597
1998,13.8,13.8,23.1,10.5,17.5,0.598
1999,13.3,14.0,23.8,10.2,17.3,0.592
2000,13.6,13.2,22.8,10.0,17.3,0.593
2001,12.4,13.6,23.8,9.9,17.3,0.594
2002,11.9,12.8,22.7,9.8,17.3,0.589
2003,11.6,12.4,22.3,9.5,17.1,0.583
2004,11.5,10.9,19.9,6.9,12.6,0.572
2005,11.1,9.6,17.8,6.5,12.1,0.566
2006,10.4,8.3,15.6,5.8,11.0,0.559
2007,10.0,7.7,14.6,5.4,10.3,0.552
2008,10.0,6.7,12.9,5.1,9.8,0.544
2009,9.7,6.6,12.8,5.0,9.7,0.539
2010,9.6,5.8,11.4,4.6,9.0,0.53
2011,8.6,4.7,9.3,4.1,8.1,0.526
2012,8.5,4.0,8.0,3.6,7.2,0.528
2013,8.3,3.6,7.3,3.2,6.5,0.527
2014,8.0,2.8,5.7,3.0,6.1,0.49
2015,8.0,3.3,6.8,3.8,7.8,0.513
2016,7.2,4.0,8.3,4.2,8.7,0.524
2017,6.9,4.8,10.1,5.0,10.4,0.533
2018,6.8,5.1,10.8,5.8,12.2,0.539
2019,6.6,5.3,11.3,6.2,13.1,0.543
2020,6.6,4.7,10.0,9.0,19.1,0.524
2021,6.1,5.8,12.4,12.5,26.7,0.544
2022,5.6,4.6,9.9,15.5,33.1,0.518
2023,5.4,3.5,7.6,8.7,18.7,0.518
2024,5.3,3.1,6.7,6.6,14.3,0.515
