id_mandato,presidente,partido,data_inicio,data_fim,status_mandato,anos_cobertos,ipca_acumulado_pct,ipca_pos_real_pct,pib_crescimento_acumulado_pct,pib_medio_anual_pct,cambio_inicial_usd_brl,cambio_final_usd_brl,cambio_variacao_pct,divida_liquida_inicial_pct_pib,divida_liquida_final_pct_pib,divida_liquida_delta_pct,salario_minimo_inicial_brl,salario_minimo_final_brl,salario_minimo_inicial_usd,salario_minimo_final_usd,desemprego_inicial_pct,desemprego_final_pct,desemprego_medio_pct,desmatamento_acumulado_km2,desmatamento_medio_anual_km2,fome_inicial_pct,fome_final_pct,fome_media_pct,homicidios_inicial,homicidios_final,homicidios_medio,feminicidios_inicial,feminicidios_final,feminicidios_medio,valores_anuais,ministros_fazenda_principais,marcos_economicos_principais
itamar-franco-1992,Itamar Franco,PMDB,1992-10-02,1995-01-01,CONCLUIDO,1992 - 1995,40767.9365,20.5824,15.12,3.61,0.9333,0.8471,-9.24,,,,64.79,70.0,69.42,82.63,5.3,6.1,5.5,29059.0,29059.0,12.0,11.0,11.5,23.9,23.9,23.9,0.7,0.7,0.7,"[{'ano': 1992, 'pib_crescimento_real_pct': -0.54, 'crescimento_pib_percentual': -0.54, 'ipca_acumulado_ano_pct': 92.1263, 'inflacao_anual_ipca': 92.1263, 'cotacao_dolar_fechamento': 11150.875, 'cambio_dolar_medio': 9137.524, 'salario_minimo': 522186.94, 'salario_minimo_nominal_brl': 522186.94, 'taxa_desemprego_anual': None, 'taxa_homicidios': None, 'taxa_feminicidios': None, 'taxa_desmatamento_amazonia': None, 'inseguranca_alimentar_pct': None}, {'ano': 1993, 'pib_crescimento_real_pct': 4.92, 'crescimento_pib_percentual': 4.92, 'ipca_acumulado_ano_pct': 2477.148, 'inflacao_anual_ipca': 2477.148, 'cotacao_dolar_fechamento': 279.385, 'cambio_dolar_medio': 19323.0223, 'salario_minimo': 18760.0, 'salario_minimo_nominal_brl': 18760.0, 'taxa_desemprego_anual': 5.3, 'taxa_homicidios': None, 'taxa_feminicidios': None, 'taxa_desmatamento_amazonia': None, 'inseguranca_alimentar_pct': 12.0}, {'ano': 1994, 'pib_crescimento_real_pct': 5.85, 'crescimento_pib_percentual': 5.85, 'ipca_acumulado_ano_pct': 916.4329, 'inflacao_anual_ipca': 916.4329, 'cotacao_dolar_fechamento': 0.8501, 'cambio_dolar_medio': 558.8585, 'salario_minimo': 70.0, 'salario_minimo_nominal_brl': 70.0, 'taxa_desemprego_anual': 5.1, 'taxa_homicidios': None, 'taxa_feminicidios': None, 'taxa_desmatamento_amazonia': None, 'inseguranca_alimentar_pct': 11.5}, {'ano': 1995, 'pib_crescimento_real_pct': 4.22, 'crescimento_pib_percentual': 4.22, 'ipca_acumulado_ano_pct': 22.4089, 'inflacao_anual_ipca': 22.4089, 'cotacao_dolar_fechamento': 0.9683, 'cambio_dolar_medio': 0.9176, 'salario_minimo': 100.0, 'salario_minimo_nominal_brl': 100.0, 'taxa_desemprego_anual': 6.1, 'taxa_homicidios': 23.9, 'taxa_feminicidios': 0.7, 'taxa_desmatamento_amazonia': 29059.0, 'inseguranca_alimentar_pct': 11.0}]","Gustavo Krause, Paulo Roberto Haddad, Eliseu Resende, Fernando Henrique Cardoso, Rubens Ricupero, Ciro Gomes",Lançamento do Plano Real (Medida Provisória nº 434 de 27/02/1994) | Criação da Unidade Real de Valor (URV) em março de 1994
fhc-1995,Fernando Henrique Cardoso (FHC 1),PSDB,1995-01-01,1999-01-01,CONCLUIDO,1995 - 1999,44.4637,44.4637,11.03,2.13,0.8471,1.5019,77.3,,,,70.0,130.0,82.63,86.56,6.1,9.6,7.88,95089.0,19017.8,11.0,10.2,10.6,23.9,26.2,25.24,0.7,0.8,0.75,"[{'ano': 1995, 'pib_crescimento_real_pct': 4.22, 'crescimento_pib_percentual': 4.22, 'ipca_acumulado_ano_pct': 22.4089, 'inflacao_anual_ipca': 22.4089, 'cotacao_dolar_fechamento': 0.9683, 'cambio_dolar_medio': 0.9176, 'salario_minimo': 100.0, 'salario_minimo_nominal_brl': 100.0, 'taxa_desemprego_anual': 6.1, 'taxa_homicidios': 23.9, 'taxa_feminicidios': 0.7, 'taxa_desmatamento_amazonia': 29059.0, 'inseguranca_alimentar_pct': 11.0}, {'ano': 1996, 'pib_crescimento_real_pct': 2.21, 'crescimento_pib_percentual': 2.21, 'ipca_acumulado_ano_pct': 9.5638, 'inflacao_anual_ipca': 9.5638, 'cotacao_dolar_fechamento': 1.0373, 'cambio_dolar_medio': 1.0051, 'salario_minimo': 112.0, 'salario_minimo_nominal_brl': 112.0, 'taxa_desemprego_anual': 6.9, 'taxa_homicidios': 24.8, 'taxa_feminicidios': 0.72, 'taxa_desmatamento_amazonia': 18161.0, 'inseguranca_alimentar_pct': 10.8}, {'ano': 1997, 'pib_crescimento_real_pct': 3.39, 'crescimento_pib_percentual': 3.39, 'ipca_acumulado_ano_pct': 5.2247, 'inflacao_anual_ipca': 5.2247, 'cotacao_dolar_fechamento': 1.1136, 'cambio_dolar_medio': 1.078, 'salario_minimo': 120.0, 'salario_minimo_nominal_brl': 120.0, 'taxa_desemprego_anual': 7.8, 'taxa_homicidios': 25.4, 'taxa_feminicidios': 0.75, 'taxa_desmatamento_amazonia': 13227.0, 'inseguranca_alimentar_pct': 10.5}, {'ano': 1998, 'pib_crescimento_real_pct': 0.34, 'crescimento_pib_percentual': 0.34, 'ipca_acumulado_ano_pct': 1.6556, 'inflacao_anual_ipca': 1.6556, 'cotacao_dolar_fechamento': 1.2054, 'cambio_dolar_medio': 1.1605, 'salario_minimo': 130.0, 'salario_minimo_nominal_brl': 130.0, 'taxa_desemprego_anual': 9.0, 'taxa_homicidios': 25.9, 'taxa_feminicidios': 0.78, 'taxa_desmatamento_amazonia': 17383.0, 'inseguranca_alimentar_pct': 10.5}, {'ano': 1999, 'pib_crescimento_real_pct': 0.47, 'crescimento_pib_percentual': 0.47, 'ipca_acumulado_ano_pct': 8.9399, 'inflacao_anual_ipca': 8.9399, 'cotacao_dolar_fechamento': 1.8428, 'cambio_dolar_medio': 1.8147, 'salario_minimo': 136.0, 'salario_minimo_nominal_brl': 136.0, 'taxa_desemprego_anual': 9.6, 'taxa_homicidios': 26.2, 'taxa_feminicidios': 0.8, 'taxa_desmatamento_amazonia': 17259.0, 'inseguranca_alimentar_pct': 10.2}]",Pedro Malan,Regime de bandas cambiais (âncora cambial para conter preços) | Programa de Estímulo à Reestruturação e ao Sistema Financeiro Nacional (PROER)
fhc-1999,Fernando Henrique Cardoso (FHC 2),PSDB,1999-01-01,2003-01-01,CONCLUIDO,1999 - 2003,43.0305,43.0305,10.83,2.09,1.5019,3.4384,128.94,51.49,59.97,8.48,130.0,200.0,86.56,58.17,9.6,12.3,10.22,98320.0,19664.0,10.2,9.5,9.88,26.2,28.9,27.62,0.8,0.89,0.85,"[{'ano': 1999, 'pib_crescimento_real_pct': 0.47, 'crescimento_pib_percentual': 0.47, 'ipca_acumulado_ano_pct': 8.9399, 'inflacao_anual_ipca': 8.9399, 'cotacao_dolar_fechamento': 1.8428, 'cambio_dolar_medio': 1.8147, 'salario_minimo': 136.0, 'salario_minimo_nominal_brl': 136.0, 'taxa_desemprego_anual': 9.6, 'taxa_homicidios': 26.2, 'taxa_feminicidios': 0.8, 'taxa_desmatamento_amazonia': 17259.0, 'inseguranca_alimentar_pct': 10.2}, {'ano': 2000, 'pib_crescimento_real_pct': 4.39, 'crescimento_pib_percentual': 4.39, 'ipca_acumulado_ano_pct': 5.9743, 'inflacao_anual_ipca': 5.9743, 'cotacao_dolar_fechamento': 1.9633, 'cambio_dolar_medio': 1.8302, 'salario_minimo': 151.0, 'salario_minimo_nominal_brl': 151.0, 'taxa_desemprego_anual': 9.4, 'taxa_homicidios': 26.7, 'taxa_feminicidios': 0.82, 'taxa_desmatamento_amazonia': 15850.0, 'inseguranca_alimentar_pct': 10.0}, {'ano': 2001, 'pib_crescimento_real_pct': 1.39, 'crescimento_pib_percentual': 1.39, 'ipca_acumulado_ano_pct': 7.6733, 'inflacao_anual_ipca': 7.6733, 'cotacao_dolar_fechamento': 2.3627, 'cambio_dolar_medio': 2.3504, 'salario_minimo': 180.0, 'salario_minimo_nominal_brl': 180.0, 'taxa_desemprego_anual': 9.3, 'taxa_homicidios': 27.8, 'taxa_feminicidios': 0.85, 'taxa_desmatamento_amazonia': 18165.0, 'inseguranca_alimentar_pct': 9.9}, {'ano': 2002, 'pib_crescimento_real_pct': 3.05, 'crescimento_pib_percentual': 3.05, 'ipca_acumulado_ano_pct': 12.5303, 'inflacao_anual_ipca': 12.5303, 'cotacao_dolar_fechamento': 3.6259, 'cambio_dolar_medio': 2.9212, 'salario_minimo': 200.0, 'salario_minimo_nominal_brl': 200.0, 'taxa_desemprego_anual': 10.5, 'taxa_homicidios': 28.5, 'taxa_feminicidios': 0.88, 'taxa_desmatamento_amazonia': 21650.0, 'inseguranca_alimentar_pct': 9.8}, {'ano': 2003, 'pib_crescimento_real_pct': 1.14, 'crescimento_pib_percentual': 1.14, 'ipca_acumulado_ano_pct': 9.2999, 'inflacao_anual_ipca': 9.2999, 'cotacao_dolar_fechamento': 2.9253, 'cambio_dolar_medio': 3.0783, 'salario_minimo': 240.0, 'salario_minimo_nominal_brl': 240.0, 'taxa_desemprego_anual': 12.3, 'taxa_homicidios': 28.9, 'taxa_feminicidios': 0.89, 'taxa_desmatamento_amazonia': 25396.0, 'inseguranca_alimentar_pct': 9.5}]",Pedro Malan,Transição para Câmbio Flutuante em janeiro de 1999 após maxidesvalorização do Real | Criação do Regime de Metas para a Inflação (Decreto nº 3.088/1999) sob Arminio Fraga no BCB
lula-2003,Lula (Lula 1),PT,2003-01-01,2007-01-01,CONCLUIDO,2003 - 2007,28.7683,28.7683,21.73,4.03,3.4384,2.1385,-37.81,59.97,45.95,-14.02,200.0,350.0,58.17,163.67,12.3,9.3,10.58,98119.0,19623.8,9.5,5.4,6.82,28.9,25.2,26.76,0.89,0.83,0.85,"[{'ano': 2003, 'pib_crescimento_real_pct': 1.14, 'crescimento_pib_percentual': 1.14, 'ipca_acumulado_ano_pct': 9.2999, 'inflacao_anual_ipca': 9.2999, 'cotacao_dolar_fechamento': 2.9253, 'cambio_dolar_medio': 3.0783, 'salario_minimo': 240.0, 'salario_minimo_nominal_brl': 240.0, 'taxa_desemprego_anual': 12.3, 'taxa_homicidios': 28.9, 'taxa_feminicidios': 0.89, 'taxa_desmatamento_amazonia': 25396.0, 'inseguranca_alimentar_pct': 9.5}, {'ano': 2004, 'pib_crescimento_real_pct': 5.76, 'crescimento_pib_percentual': 5.76, 'ipca_acumulado_ano_pct': 7.6006, 'inflacao_anual_ipca': 7.6006, 'cotacao_dolar_fechamento': 2.7182, 'cambio_dolar_medio': 2.9259, 'salario_minimo': 260.0, 'salario_minimo_nominal_brl': 260.0, 'taxa_desemprego_anual': 11.5, 'taxa_homicidios': 27.0, 'taxa_feminicidios': 0.86, 'taxa_desmatamento_amazonia': 27772.0, 'inseguranca_alimentar_pct': 6.9}, {'ano': 2005, 'pib_crescimento_real_pct': 3.2, 'crescimento_pib_percentual': 3.2, 'ipca_acumulado_ano_pct': 5.6897, 'inflacao_anual_ipca': 5.6897, 'cotacao_dolar_fechamento': 2.2855, 'cambio_dolar_medio': 2.4352, 'salario_minimo': 300.0, 'salario_minimo_nominal_brl': 300.0, 'taxa_desemprego_anual': 9.8, 'taxa_homicidios': 26.1, 'taxa_feminicidios': 0.84, 'taxa_desmatamento_amazonia': 19014.0, 'inseguranca_alimentar_pct': 6.5}, {'ano': 2006, 'pib_crescimento_real_pct': 3.96, 'crescimento_pib_percentual': 3.96, 'ipca_acumulado_ano_pct': 3.1418, 'inflacao_anual_ipca': 3.1418, 'cotacao_dolar_fechamento': 2.1499, 'cambio_dolar_medio': 2.1761, 'salario_minimo': 350.0, 'salario_minimo_nominal_brl': 350.0, 'taxa_desemprego_anual': 10.0, 'taxa_homicidios': 26.6, 'taxa_feminicidios': 0.85, 'taxa_desmatamento_amazonia': 14286.0, 'inseguranca_alimentar_pct': 5.8}, {'ano': 2007, 'pib_crescimento_real_pct': 6.07, 'crescimento_pib_percentual': 6.07, 'ipca_acumulado_ano_pct': 4.4573, 'inflacao_anual_ipca': 4.4573, 'cotacao_dolar_fechamento': 1.786, 'cambio_dolar_medio': 1.9479, 'salario_minimo': 380.0, 'salario_minimo_nominal_brl': 380.0, 'taxa_desemprego_anual': 9.3, 'taxa_homicidios': 25.2, 'taxa_feminicidios': 0.83, 'taxa_desmatamento_amazonia': 11651.0, 'inseguranca_alimentar_pct': 5.4}]","Antonio Palocci, Guido Mantega",Manutenção do Tripé Macroeconômico e credibilidade da 'Carta ao Povo Brasileiro' | Henrique Meirelles na presidência do Banco Central
lula-2007,Lula (Lula 2),PT,2007-01-01,2011-01-01,CONCLUIDO,2007 - 2011,23.2258,23.2258,24.46,4.51,2.1385,1.6749,-21.68,45.95,37.57,-8.38,350.0,540.0,163.67,322.41,9.3,6.0,7.6,45444.0,9088.8,5.4,4.1,4.84,25.2,27.4,26.8,0.83,0.89,0.87,"[{'ano': 2007, 'pib_crescimento_real_pct': 6.07, 'crescimento_pib_percentual': 6.07, 'ipca_acumulado_ano_pct': 4.4573, 'inflacao_anual_ipca': 4.4573, 'cotacao_dolar_fechamento': 1.786, 'cambio_dolar_medio': 1.9479, 'salario_minimo': 380.0, 'salario_minimo_nominal_brl': 380.0, 'taxa_desemprego_anual': 9.3, 'taxa_homicidios': 25.2, 'taxa_feminicidios': 0.83, 'taxa_desmatamento_amazonia': 11651.0, 'inseguranca_alimentar_pct': 5.4}, {'ano': 2008, 'pib_crescimento_real_pct': 5.09, 'crescimento_pib_percentual': 5.09, 'ipca_acumulado_ano_pct': 5.9023, 'inflacao_anual_ipca': 5.9023, 'cotacao_dolar_fechamento': 2.3944, 'cambio_dolar_medio': 1.8346, 'salario_minimo': 415.0, 'salario_minimo_nominal_brl': 415.0, 'taxa_desemprego_anual': 7.9, 'taxa_homicidios': 26.4, 'taxa_feminicidios': 0.86, 'taxa_desmatamento_amazonia': 12911.0, 'inseguranca_alimentar_pct': 5.1}, {'ano': 2009, 'pib_crescimento_real_pct': -0.13, 'crescimento_pib_percentual': -0.13, 'ipca_acumulado_ano_pct': 4.312, 'inflacao_anual_ipca': 4.312, 'cotacao_dolar_fechamento': 1.7503, 'cambio_dolar_medio': 1.9976, 'salario_minimo': 465.0, 'salario_minimo_nominal_brl': 465.0, 'taxa_desemprego_anual': 8.1, 'taxa_homicidios': 27.2, 'taxa_feminicidios': 0.88, 'taxa_desmatamento_amazonia': 7464.0, 'inseguranca_alimentar_pct': 5.0}, {'ano': 2010, 'pib_crescimento_real_pct': 7.53, 'crescimento_pib_percentual': 7.53, 'ipca_acumulado_ano_pct': 5.9091, 'inflacao_anual_ipca': 5.9091, 'cotacao_dolar_fechamento': 1.6934, 'cambio_dolar_medio': 1.7601, 'salario_minimo': 510.0, 'salario_minimo_nominal_brl': 510.0, 'taxa_desemprego_anual': 6.7, 'taxa_homicidios': 27.8, 'taxa_feminicidios': 0.9, 'taxa_desmatamento_amazonia': 7000.0, 'inseguranca_alimentar_pct': 4.6}, {'ano': 2011, 'pib_crescimento_real_pct': 3.97, 'crescimento_pib_percentual': 3.97, 'ipca_acumulado_ano_pct': 6.5031, 'inflacao_anual_ipca': 6.5031, 'cotacao_dolar_fechamento': 1.8369, 'cambio_dolar_medio': 1.675, 'salario_minimo': 545.0, 'salario_minimo_nominal_brl': 545.0, 'taxa_desemprego_anual': 6.0, 'taxa_homicidios': 27.4, 'taxa_feminicidios': 0.89, 'taxa_desmatamento_amazonia': 6418.0, 'inseguranca_alimentar_pct': 4.1}]",Guido Mantega,Lançamento do Programa de Aceleração do Crescimento (PAC) | Descoberta e anúncio comercial da camada Pré-Sal na Bacia de Santos
dilma-2011,Dilma Rousseff (Dilma 1),PT,2011-01-01,2015-01-01,CONCLUIDO,2011 - 2015,28.609,28.609,5.8,1.17,1.6749,2.6342,57.28,37.57,32.5,-5.07,540.0,788.0,322.41,299.14,6.0,8.5,7.16,28099.0,5619.8,4.1,3.8,3.54,27.4,28.9,28.82,0.89,0.85,0.9,"[{'ano': 2011, 'pib_crescimento_real_pct': 3.97, 'crescimento_pib_percentual': 3.97, 'ipca_acumulado_ano_pct': 6.5031, 'inflacao_anual_ipca': 6.5031, 'cotacao_dolar_fechamento': 1.8369, 'cambio_dolar_medio': 1.675, 'salario_minimo': 545.0, 'salario_minimo_nominal_brl': 545.0, 'taxa_desemprego_anual': 6.0, 'taxa_homicidios': 27.4, 'taxa_feminicidios': 0.89, 'taxa_desmatamento_amazonia': 6418.0, 'inseguranca_alimentar_pct': 4.1}, {'ano': 2012, 'pib_crescimento_real_pct': 1.92, 'crescimento_pib_percentual': 1.92, 'ipca_acumulado_ano_pct': 5.8386, 'inflacao_anual_ipca': 5.8386, 'cotacao_dolar_fechamento': 2.0778, 'cambio_dolar_medio': 1.9546, 'salario_minimo': 622.0, 'salario_minimo_nominal_brl': 622.0, 'taxa_desemprego_anual': 7.4, 'taxa_homicidios': 29.4, 'taxa_feminicidios': 0.92, 'taxa_desmatamento_amazonia': 4571.0, 'inseguranca_alimentar_pct': 3.6}, {'ano': 2013, 'pib_crescimento_real_pct': 3.0, 'crescimento_pib_percentual': 3.0, 'ipca_acumulado_ano_pct': 5.9108, 'inflacao_anual_ipca': 5.9108, 'cotacao_dolar_fechamento': 2.3455, 'cambio_dolar_medio': 2.1576, 'salario_minimo': 678.0, 'salario_minimo_nominal_brl': 678.0, 'taxa_desemprego_anual': 7.1, 'taxa_homicidios': 28.6, 'taxa_feminicidios': 0.91, 'taxa_desmatamento_amazonia': 5891.0, 'inseguranca_alimentar_pct': 3.2}, {'ano': 2014, 'pib_crescimento_real_pct': 0.5, 'crescimento_pib_percentual': 0.5, 'ipca_acumulado_ano_pct': 6.4076, 'inflacao_anual_ipca': 6.4076, 'cotacao_dolar_fechamento': 2.6394, 'cambio_dolar_medio': 2.3536, 'salario_minimo': 724.0, 'salario_minimo_nominal_brl': 724.0, 'taxa_desemprego_anual': 6.8, 'taxa_homicidios': 29.8, 'taxa_feminicidios': 0.94, 'taxa_desmatamento_amazonia': 5012.0, 'inseguranca_alimentar_pct': 3.0}, {'ano': 2015, 'pib_crescimento_real_pct': -3.55, 'crescimento_pib_percentual': -3.55, 'ipca_acumulado_ano_pct': 10.6735, 'inflacao_anual_ipca': 10.6735, 'cotacao_dolar_fechamento': 3.8711, 'cambio_dolar_medio': 3.3315, 'salario_minimo': 788.0, 'salario_minimo_nominal_brl': 788.0, 'taxa_desemprego_anual': 8.5, 'taxa_homicidios': 28.9, 'taxa_feminicidios': 0.85, 'taxa_desmatamento_amazonia': 6207.0, 'inseguranca_alimentar_pct': 3.8}]",Guido Mantega,"Adoção da chamada 'Nova Matriz Econômica' (estímulo fiscal, controle tarifário e subsídios via BNDES) | Queda da Taxa Selic para mínimas históricas temporárias (7,25% a.a. em 2012) e subsequente pressão inflacionária"
dilma-2015,Dilma Rousseff (Dilma 2),PT,2015-01-01,2016-08-31,IMPEACHMENT,2015 - 2016,16.6732,16.6732,-6.71,-3.42,2.6342,3.2097,21.85,32.5,42.81,10.31,788.0,880.0,299.14,274.17,8.5,11.5,10.0,14100.0,7050.0,3.8,4.2,4.0,28.9,30.3,29.6,0.85,0.95,0.9,"[{'ano': 2015, 'pib_crescimento_real_pct': -3.55, 'crescimento_pib_percentual': -3.55, 'ipca_acumulado_ano_pct': 10.6735, 'inflacao_anual_ipca': 10.6735, 'cotacao_dolar_fechamento': 3.8711, 'cambio_dolar_medio': 3.3315, 'salario_minimo': 788.0, 'salario_minimo_nominal_brl': 788.0, 'taxa_desemprego_anual': 8.5, 'taxa_homicidios': 28.9, 'taxa_feminicidios': 0.85, 'taxa_desmatamento_amazonia': 6207.0, 'inseguranca_alimentar_pct': 3.8}, {'ano': 2016, 'pib_crescimento_real_pct': -3.28, 'crescimento_pib_percentual': -3.28, 'ipca_acumulado_ano_pct': 6.2881, 'inflacao_anual_ipca': 6.2881, 'cotacao_dolar_fechamento': 3.3523, 'cambio_dolar_medio': 3.4901, 'salario_minimo': 880.0, 'salario_minimo_nominal_brl': 880.0, 'taxa_desemprego_anual': 11.5, 'taxa_homicidios': 30.3, 'taxa_feminicidios': 0.95, 'taxa_desmatamento_amazonia': 7893.0, 'inseguranca_alimentar_pct': 4.2}]","Joaquim Levy, Nelson Barbosa",Grave recessão econômica de 2015-2016 (queda acumulada de ~7% do PIB) | Aceleração inflacionária (IPCA superior a 10% em 2015) com tarifaço e correção de preços represados
temer-2016,Michel Temer,MDB,2016-08-31,2019-01-01,CONCLUIDO,2016 - 2019,8.0261,8.0261,0.96,0.26,3.2564,3.7417,14.9,43.63,53.11,9.48,880.0,998.0,270.24,266.72,11.5,11.9,12.1,32505.0,8126.2,4.2,6.2,5.3,30.3,21.7,27.85,0.95,1.25,1.1,"[{'ano': 2016, 'pib_crescimento_real_pct': -3.28, 'crescimento_pib_percentual': -3.28, 'ipca_acumulado_ano_pct': 6.2881, 'inflacao_anual_ipca': 6.2881, 'cotacao_dolar_fechamento': 3.3523, 'cambio_dolar_medio': 3.4901, 'salario_minimo': 880.0, 'salario_minimo_nominal_brl': 880.0, 'taxa_desemprego_anual': 11.5, 'taxa_homicidios': 30.3, 'taxa_feminicidios': 0.95, 'taxa_desmatamento_amazonia': 7893.0, 'inseguranca_alimentar_pct': 4.2}, {'ano': 2017, 'pib_crescimento_real_pct': 1.32, 'crescimento_pib_percentual': 1.32, 'ipca_acumulado_ano_pct': 2.9473, 'inflacao_anual_ipca': 2.9473, 'cotacao_dolar_fechamento': 3.2919, 'cambio_dolar_medio': 3.192, 'salario_minimo': 937.0, 'salario_minimo_nominal_brl': 937.0, 'taxa_desemprego_anual': 12.7, 'taxa_homicidios': 31.6, 'taxa_feminicidios': 1.04, 'taxa_desmatamento_amazonia': 6947.0, 'inseguranca_alimentar_pct': 5.0}, {'ano': 2018, 'pib_crescimento_real_pct': 1.78, 'crescimento_pib_percentual': 1.78, 'ipca_acumulado_ano_pct': 3.7455, 'inflacao_anual_ipca': 3.7455, 'cotacao_dolar_fechamento': 3.8851, 'cambio_dolar_medio': 3.6545, 'salario_minimo': 954.0, 'salario_minimo_nominal_brl': 954.0, 'taxa_desemprego_anual': 12.3, 'taxa_homicidios': 27.8, 'taxa_feminicidios': 1.15, 'taxa_desmatamento_amazonia': 7536.0, 'inseguranca_alimentar_pct': 5.8}, {'ano': 2019, 'pib_crescimento_real_pct': 1.22, 'crescimento_pib_percentual': 1.22, 'ipca_acumulado_ano_pct': 4.306, 'inflacao_anual_ipca': 4.306, 'cotacao_dolar_fechamento': 4.1096, 'cambio_dolar_medio': 3.9451, 'salario_minimo': 998.0, 'salario_minimo_nominal_brl': 998.0, 'taxa_desemprego_anual': 11.9, 'taxa_homicidios': 21.7, 'taxa_feminicidios': 1.25, 'taxa_desmatamento_amazonia': 10129.0, 'inseguranca_alimentar_pct': 6.2}]","Henrique Meirelles, Eduardo Guardia",Implementação do documento 'Uma Ponte para o Futuro' | Aprovação da Emenda Constitucional do Teto de Gastos Públicos (EC nº 95/2016)
bolsonaro-2019,Jair Bolsonaro,PL,2019-01-01,2023-01-01,CONCLUIDO,2019 - 2023,27.6,27.6,9.08,1.79,3.7417,5.2007,38.99,53.11,55.21,2.1,998.0,1302.0,266.72,250.35,11.9,7.8,11.16,54613.0,10922.6,6.2,8.7,10.38,21.7,20.9,22.04,1.25,1.42,1.33,"[{'ano': 2019, 'pib_crescimento_real_pct': 1.22, 'crescimento_pib_percentual': 1.22, 'ipca_acumulado_ano_pct': 4.306, 'inflacao_anual_ipca': 4.306, 'cotacao_dolar_fechamento': 4.1096, 'cambio_dolar_medio': 3.9451, 'salario_minimo': 998.0, 'salario_minimo_nominal_brl': 998.0, 'taxa_desemprego_anual': 11.9, 'taxa_homicidios': 21.7, 'taxa_feminicidios': 1.25, 'taxa_desmatamento_amazonia': 10129.0, 'inseguranca_alimentar_pct': 6.2}, {'ano': 2020, 'pib_crescimento_real_pct': -3.28, 'crescimento_pib_percentual': -3.28, 'ipca_acumulado_ano_pct': 4.5173, 'inflacao_anual_ipca': 4.5173, 'cotacao_dolar_fechamento': 5.1456, 'cambio_dolar_medio': 5.1558, 'salario_minimo': 1045.0, 'salario_minimo_nominal_brl': 1045.0, 'taxa_desemprego_anual': 13.7, 'taxa_homicidios': 23.6, 'taxa_feminicidios': 1.28, 'taxa_desmatamento_amazonia': 10851.0, 'inseguranca_alimentar_pct': 9.0}, {'ano': 2021, 'pib_crescimento_real_pct': 4.76, 'crescimento_pib_percentual': 4.76, 'ipca_acumulado_ano_pct': 10.0611, 'inflacao_anual_ipca': 10.0611, 'cotacao_dolar_fechamento': 5.6514, 'cambio_dolar_medio': 5.395, 'salario_minimo': 1100.0, 'salario_minimo_nominal_brl': 1100.0, 'taxa_desemprego_anual': 13.1, 'taxa_homicidios': 22.3, 'taxa_feminicidios': 1.31, 'taxa_desmatamento_amazonia': 13038.0, 'inseguranca_alimentar_pct': 12.5}, {'ano': 2022, 'pib_crescimento_real_pct': 3.02, 'crescimento_pib_percentual': 3.02, 'ipca_acumulado_ano_pct': 5.7848, 'inflacao_anual_ipca': 5.7848, 'cotacao_dolar_fechamento': 5.2424, 'cambio_dolar_medio': 5.1648, 'salario_minimo': 1212.0, 'salario_minimo_nominal_brl': 1212.0, 'taxa_desemprego_anual': 9.3, 'taxa_homicidios': 21.7, 'taxa_feminicidios': 1.4, 'taxa_desmatamento_amazonia': 11594.0, 'inseguranca_alimentar_pct': 15.5}, {'ano': 2023, 'pib_crescimento_real_pct': 3.24, 'crescimento_pib_percentual': 3.24, 'ipca_acumulado_ano_pct': 4.6211, 'inflacao_anual_ipca': 4.6211, 'cotacao_dolar_fechamento': 4.8972, 'cambio_dolar_medio': 4.995, 'salario_minimo': 1320.0, 'salario_minimo_nominal_brl': 1320.0, 'taxa_desemprego_anual': 7.8, 'taxa_homicidios': 20.9, 'taxa_feminicidios': 1.42, 'taxa_desmatamento_amazonia': 9001.0, 'inseguranca_alimentar_pct': 8.7}]",Paulo Guedes,Aprovação da Nova Reforma da Previdência (EC nº 103/2019) | Aprovação da Lei de Liberdade Econômica (Lei nº 13.874/2019)
lula-2023,Lula (Lula 3),PT,2023-01-01,2027-01-01,TITULAR_ATIVO,2023 - 2026,17.9043,17.9043,9.22,2.98,5.2007,5.1447,-1.08,55.21,69.26,14.05,1302.0,1621.0,250.35,315.08,7.8,6.9,7.35,15289.0,7644.5,8.7,6.6,7.65,20.9,18.2,19.32,1.42,1.3,1.36,"[{'ano': 2023, 'pib_crescimento_real_pct': 3.24, 'crescimento_pib_percentual': 3.24, 'ipca_acumulado_ano_pct': 4.6211, 'inflacao_anual_ipca': 4.6211, 'cotacao_dolar_fechamento': 4.8972, 'cambio_dolar_medio': 4.995, 'salario_minimo': 1320.0, 'salario_minimo_nominal_brl': 1320.0, 'taxa_desemprego_anual': 7.8, 'taxa_homicidios': 20.9, 'taxa_feminicidios': 1.42, 'taxa_desmatamento_amazonia': 9001.0, 'inseguranca_alimentar_pct': 8.7}, {'ano': 2024, 'pib_crescimento_real_pct': 3.42, 'crescimento_pib_percentual': 3.42, 'ipca_acumulado_ano_pct': 4.8313, 'inflacao_anual_ipca': 4.8313, 'cotacao_dolar_fechamento': 6.097, 'cambio_dolar_medio': 5.3895, 'salario_minimo': 1412.0, 'salario_minimo_nominal_brl': 1412.0, 'taxa_desemprego_anual': 6.9, 'taxa_homicidios': 19.4, 'taxa_feminicidios': 1.38, 'taxa_desmatamento_amazonia': 6288.0, 'inseguranca_alimentar_pct': 6.6}, {'ano': 2025, 'pib_crescimento_real_pct': 2.29, 'crescimento_pib_percentual': 2.29, 'ipca_acumulado_ano_pct': 4.2644, 'inflacao_anual_ipca': 4.2644, 'cotacao_dolar_fechamento': 5.4531, 'cambio_dolar_medio': 5.5879, 'salario_minimo': 1518.0, 'salario_minimo_nominal_brl': 1518.0, 'taxa_desemprego_anual': None, 'taxa_homicidios': 18.8, 'taxa_feminicidios': 1.34, 'taxa_desmatamento_amazonia': None, 'inseguranca_alimentar_pct': None}, {'ano': 2026, 'pib_crescimento_real_pct': None, 'crescimento_pib_percentual': None, 'ipca_acumulado_ano_pct': 3.1058, 'inflacao_anual_ipca': 3.1058, 'cotacao_dolar_fechamento': 5.1447, 'cambio_dolar_medio': 5.1474, 'salario_minimo': 1621.0, 'salario_minimo_nominal_brl': 1621.0, 'taxa_desemprego_anual': None, 'taxa_homicidios': 18.2, 'taxa_feminicidios': 1.3, 'taxa_desmatamento_amazonia': None, 'inseguranca_alimentar_pct': None}]","Fernando Haddad, Simone Tebet",Aprovação do Novo Arcabouço Fiscal (Lei Complementar nº 200/2023) substituindo o Teto de Gastos | Aprovação histórica da Reforma Tributária sobre o Consumo (EC nº 132/2023 - IVA Dual: CBS e IBS)
