data,ano,mes,dia,valor,codigo_serie,nome_serie,unidade
1992-10-01,1992,10,1,25.24,433,IPCA - Variação mensal,%
1992-11-01,1992,11,1,22.49,433,IPCA - Variação mensal,%
1992-12-01,1992,12,1,25.24,433,IPCA - Variação mensal,%
1993-01-01,1993,1,1,30.35,433,IPCA - Variação mensal,%
1993-02-01,1993,2,1,24.98,433,IPCA - Variação mensal,%
1993-03-01,1993,3,1,27.26,433,IPCA - Variação mensal,%
1993-04-01,1993,4,1,27.75,433,IPCA - Variação mensal,%
1993-05-01,1993,5,1,27.69,433,IPCA - Variação mensal,%
1993-06-01,1993,6,1,30.07,433,IPCA - Variação mensal,%
1993-07-01,1993,7,1,30.72,433,IPCA - Variação mensal,%
1993-08-01,1993,8,1,32.96,433,IPCA - Variação mensal,%
1993-09-01,1993,9,1,35.69,433,IPCA - Variação mensal,%
1993-10-01,1993,10,1,33.92,433,IPCA - Variação mensal,%
1993-11-01,1993,11,1,35.56,433,IPCA - Variação mensal,%
1993-12-01,1993,12,1,36.84,433,IPCA - Variação mensal,%
1994-01-01,1994,1,1,41.31,433,IPCA - Variação mensal,%
1994-02-01,1994,2,1,40.27,433,IPCA - Variação mensal,%
1994-03-01,1994,3,1,42.75,433,IPCA - Variação mensal,%
1994-04-01,1994,4,1,42.68,433,IPCA - Variação mensal,%
1994-05-01,1994,5,1,44.03,433,IPCA - Variação mensal,%
1994-06-01,1994,6,1,47.43,433,IPCA - Variação mensal,%
1994-07-01,1994,7,1,6.84,433,IPCA - Variação mensal,%
1994-08-01,1994,8,1,1.86,433,IPCA - Variação mensal,%
1994-09-01,1994,9,1,1.53,433,IPCA - Variação mensal,%
1994-10-01,1994,10,1,2.62,433,IPCA - Variação mensal,%
1994-11-01,1994,11,1,2.81,433,IPCA - Variação mensal,%
1994-12-01,1994,12,1,1.71,433,IPCA - Variação mensal,%
1995-01-01,1995,1,1,1.7,433,IPCA - Variação mensal,%
1995-02-01,1995,2,1,1.02,433,IPCA - Variação mensal,%
1995-03-01,1995,3,1,1.55,433,IPCA - Variação mensal,%
1995-04-01,1995,4,1,2.43,433,IPCA - Variação mensal,%
1995-05-01,1995,5,1,2.67,433,IPCA - Variação mensal,%
1995-06-01,1995,6,1,2.26,433,IPCA - Variação mensal,%
1995-07-01,1995,7,1,2.36,433,IPCA - Variação mensal,%
1995-08-01,1995,8,1,0.99,433,IPCA - Variação mensal,%
1995-09-01,1995,9,1,0.99,433,IPCA - Variação mensal,%
1995-10-01,1995,10,1,1.41,433,IPCA - Variação mensal,%
1995-11-01,1995,11,1,1.47,433,IPCA - Variação mensal,%
1995-12-01,1995,12,1,1.56,433,IPCA - Variação mensal,%
1996-01-01,1996,1,1,1.34,433,IPCA - Variação mensal,%
1996-02-01,1996,2,1,1.03,433,IPCA - Variação mensal,%
1996-03-01,1996,3,1,0.35,433,IPCA - Variação mensal,%
1996-04-01,1996,4,1,1.26,433,IPCA - Variação mensal,%
1996-05-01,1996,5,1,1.22,433,IPCA - Variação mensal,%
1996-06-01,1996,6,1,1.19,433,IPCA - Variação mensal,%
1996-07-01,1996,7,1,1.11,433,IPCA - Variação mensal,%
1996-08-01,1996,8,1,0.44,433,IPCA - Variação mensal,%
1996-09-01,1996,9,1,0.15,433,IPCA - Variação mensal,%
1996-10-01,1996,10,1,0.3,433,IPCA - Variação mensal,%
1996-11-01,1996,11,1,0.32,433,IPCA - Variação mensal,%
1996-12-01,1996,12,1,0.47,433,IPCA - Variação mensal,%
1997-01-01,1997,1,1,1.18,433,IPCA - Variação mensal,%
1997-02-01,1997,2,1,0.5,433,IPCA - Variação mensal,%
1997-03-01,1997,3,1,0.51,433,IPCA - Variação mensal,%
1997-04-01,1997,4,1,0.88,433,IPCA - Variação mensal,%
1997-05-01,1997,5,1,0.41,433,IPCA - Variação mensal,%
1997-06-01,1997,6,1,0.54,433,IPCA - Variação mensal,%
1997-07-01,1997,7,1,0.22,433,IPCA - Variação mensal,%
1997-08-01,1997,8,1,-0.02,433,IPCA - Variação mensal,%
1997-09-01,1997,9,1,0.06,433,IPCA - Variação mensal,%
1997-10-01,1997,10,1,0.23,433,IPCA - Variação mensal,%
1997-11-01,1997,11,1,0.17,433,IPCA - Variação mensal,%
1997-12-01,1997,12,1,0.43,433,IPCA - Variação mensal,%
1998-01-01,1998,1,1,0.71,433,IPCA - Variação mensal,%
1998-02-01,1998,2,1,0.46,433,IPCA - Variação mensal,%
1998-03-01,1998,3,1,0.34,433,IPCA - Variação mensal,%
1998-04-01,1998,4,1,0.24,433,IPCA - Variação mensal,%
1998-05-01,1998,5,1,0.5,433,IPCA - Variação mensal,%
1998-06-01,1998,6,1,0.02,433,IPCA - Variação mensal,%
1998-07-01,1998,7,1,-0.12,433,IPCA - Variação mensal,%
1998-08-01,1998,8,1,-0.51,433,IPCA - Variação mensal,%
1998-09-01,1998,9,1,-0.22,433,IPCA - Variação mensal,%
1998-10-01,1998,10,1,0.02,433,IPCA - Variação mensal,%
1998-11-01,1998,11,1,-0.12,433,IPCA - Variação mensal,%
1998-12-01,1998,12,1,0.33,433,IPCA - Variação mensal,%
1999-01-01,1999,1,1,0.7,433,IPCA - Variação mensal,%
1999-02-01,1999,2,1,1.05,433,IPCA - Variação mensal,%
1999-03-01,1999,3,1,1.1,433,IPCA - Variação mensal,%
1999-04-01,1999,4,1,0.56,433,IPCA - Variação mensal,%
1999-05-01,1999,5,1,0.3,433,IPCA - Variação mensal,%
1999-06-01,1999,6,1,0.19,433,IPCA - Variação mensal,%
1999-07-01,1999,7,1,1.09,433,IPCA - Variação mensal,%
1999-08-01,1999,8,1,0.56,433,IPCA - Variação mensal,%
1999-09-01,1999,9,1,0.31,433,IPCA - Variação mensal,%
1999-10-01,1999,10,1,1.19,433,IPCA - Variação mensal,%
1999-11-01,1999,11,1,0.95,433,IPCA - Variação mensal,%
1999-12-01,1999,12,1,0.6,433,IPCA - Variação mensal,%
2000-01-01,2000,1,1,0.62,433,IPCA - Variação mensal,%
2000-02-01,2000,2,1,0.13,433,IPCA - Variação mensal,%
2000-03-01,2000,3,1,0.22,433,IPCA - Variação mensal,%
2000-04-01,2000,4,1,0.42,433,IPCA - Variação mensal,%
2000-05-01,2000,5,1,0.01,433,IPCA - Variação mensal,%
2000-06-01,2000,6,1,0.23,433,IPCA - Variação mensal,%
2000-07-01,2000,7,1,1.61,433,IPCA - Variação mensal,%
2000-08-01,2000,8,1,1.31,433,IPCA - Variação mensal,%
2000-09-01,2000,9,1,0.23,433,IPCA - Variação mensal,%
2000-10-01,2000,10,1,0.14,433,IPCA - Variação mensal,%
2000-11-01,2000,11,1,0.32,433,IPCA - Variação mensal,%
2000-12-01,2000,12,1,0.59,433,IPCA - Variação mensal,%
2001-01-01,2001,1,1,0.57,433,IPCA - Variação mensal,%
2001-02-01,2001,2,1,0.46,433,IPCA - Variação mensal,%
2001-03-01,2001,3,1,0.38,433,IPCA - Variação mensal,%
2001-04-01,2001,4,1,0.58,433,IPCA - Variação mensal,%
2001-05-01,2001,5,1,0.41,433,IPCA - Variação mensal,%
2001-06-01,2001,6,1,0.52,433,IPCA - Variação mensal,%
2001-07-01,2001,7,1,1.33,433,IPCA - Variação mensal,%
2001-08-01,2001,8,1,0.7,433,IPCA - Variação mensal,%
2001-09-01,2001,9,1,0.28,433,IPCA - Variação mensal,%
2001-10-01,2001,10,1,0.83,433,IPCA - Variação mensal,%
2001-11-01,2001,11,1,0.71,433,IPCA - Variação mensal,%
2001-12-01,2001,12,1,0.65,433,IPCA - Variação mensal,%
2002-01-01,2002,1,1,0.52,433,IPCA - Variação mensal,%
2002-02-01,2002,2,1,0.36,433,IPCA - Variação mensal,%
2002-03-01,2002,3,1,0.6,433,IPCA - Variação mensal,%
2002-04-01,2002,4,1,0.8,433,IPCA - Variação mensal,%
2002-05-01,2002,5,1,0.21,433,IPCA - Variação mensal,%
2002-06-01,2002,6,1,0.42,433,IPCA - Variação mensal,%
2002-07-01,2002,7,1,1.19,433,IPCA - Variação mensal,%
2002-08-01,2002,8,1,0.65,433,IPCA - Variação mensal,%
2002-09-01,2002,9,1,0.72,433,IPCA - Variação mensal,%
2002-10-01,2002,10,1,1.31,433,IPCA - Variação mensal,%
2002-11-01,2002,11,1,3.02,433,IPCA - Variação mensal,%
2002-12-01,2002,12,1,2.1,433,IPCA - Variação mensal,%
2003-01-01,2003,1,1,2.25,433,IPCA - Variação mensal,%
2003-02-01,2003,2,1,1.57,433,IPCA - Variação mensal,%
2003-03-01,2003,3,1,1.23,433,IPCA - Variação mensal,%
2003-04-01,2003,4,1,0.97,433,IPCA - Variação mensal,%
2003-05-01,2003,5,1,0.61,433,IPCA - Variação mensal,%
2003-06-01,2003,6,1,-0.15,433,IPCA - Variação mensal,%
2003-07-01,2003,7,1,0.2,433,IPCA - Variação mensal,%
2003-08-01,2003,8,1,0.34,433,IPCA - Variação mensal,%
2003-09-01,2003,9,1,0.78,433,IPCA - Variação mensal,%
2003-10-01,2003,10,1,0.29,433,IPCA - Variação mensal,%
2003-11-01,2003,11,1,0.34,433,IPCA - Variação mensal,%
2003-12-01,2003,12,1,0.52,433,IPCA - Variação mensal,%
2004-01-01,2004,1,1,0.76,433,IPCA - Variação mensal,%
2004-02-01,2004,2,1,0.61,433,IPCA - Variação mensal,%
2004-03-01,2004,3,1,0.47,433,IPCA - Variação mensal,%
2004-04-01,2004,4,1,0.37,433,IPCA - Variação mensal,%
2004-05-01,2004,5,1,0.51,433,IPCA - Variação mensal,%
2004-06-01,2004,6,1,0.71,433,IPCA - Variação mensal,%
2004-07-01,2004,7,1,0.91,433,IPCA - Variação mensal,%
2004-08-01,2004,8,1,0.69,433,IPCA - Variação mensal,%
2004-09-01,2004,9,1,0.33,433,IPCA - Variação mensal,%
2004-10-01,2004,10,1,0.44,433,IPCA - Variação mensal,%
2004-11-01,2004,11,1,0.69,433,IPCA - Variação mensal,%
2004-12-01,2004,12,1,0.86,433,IPCA - Variação mensal,%
2005-01-01,2005,1,1,0.58,433,IPCA - Variação mensal,%
2005-02-01,2005,2,1,0.59,433,IPCA - Variação mensal,%
2005-03-01,2005,3,1,0.61,433,IPCA - Variação mensal,%
2005-04-01,2005,4,1,0.87,433,IPCA - Variação mensal,%
2005-05-01,2005,5,1,0.49,433,IPCA - Variação mensal,%
2005-06-01,2005,6,1,-0.02,433,IPCA - Variação mensal,%
2005-07-01,2005,7,1,0.25,433,IPCA - Variação mensal,%
2005-08-01,2005,8,1,0.17,433,IPCA - Variação mensal,%
2005-09-01,2005,9,1,0.35,433,IPCA - Variação mensal,%
2005-10-01,2005,10,1,0.75,433,IPCA - Variação mensal,%
2005-11-01,2005,11,1,0.55,433,IPCA - Variação mensal,%
2005-12-01,2005,12,1,0.36,433,IPCA - Variação mensal,%
2006-01-01,2006,1,1,0.59,433,IPCA - Variação mensal,%
2006-02-01,2006,2,1,0.41,433,IPCA - Variação mensal,%
2006-03-01,2006,3,1,0.43,433,IPCA - Variação mensal,%
2006-04-01,2006,4,1,0.21,433,IPCA - Variação mensal,%
2006-05-01,2006,5,1,0.1,433,IPCA - Variação mensal,%
2006-06-01,2006,6,1,-0.21,433,IPCA - Variação mensal,%
2006-07-01,2006,7,1,0.19,433,IPCA - Variação mensal,%
2006-08-01,2006,8,1,0.05,433,IPCA - Variação mensal,%
2006-09-01,2006,9,1,0.21,433,IPCA - Variação mensal,%
2006-10-01,2006,10,1,0.33,433,IPCA - Variação mensal,%
2006-11-01,2006,11,1,0.31,433,IPCA - Variação mensal,%
2006-12-01,2006,12,1,0.48,433,IPCA - Variação mensal,%
2007-01-01,2007,1,1,0.44,433,IPCA - Variação mensal,%
2007-02-01,2007,2,1,0.44,433,IPCA - Variação mensal,%
2007-03-01,2007,3,1,0.37,433,IPCA - Variação mensal,%
2007-04-01,2007,4,1,0.25,433,IPCA - Variação mensal,%
2007-05-01,2007,5,1,0.28,433,IPCA - Variação mensal,%
2007-06-01,2007,6,1,0.28,433,IPCA - Variação mensal,%
2007-07-01,2007,7,1,0.24,433,IPCA - Variação mensal,%
2007-08-01,2007,8,1,0.47,433,IPCA - Variação mensal,%
2007-09-01,2007,9,1,0.18,433,IPCA - Variação mensal,%
2007-10-01,2007,10,1,0.3,433,IPCA - Variação mensal,%
2007-11-01,2007,11,1,0.38,433,IPCA - Variação mensal,%
2007-12-01,2007,12,1,0.74,433,IPCA - Variação mensal,%
2008-01-01,2008,1,1,0.54,433,IPCA - Variação mensal,%
2008-02-01,2008,2,1,0.49,433,IPCA - Variação mensal,%
2008-03-01,2008,3,1,0.48,433,IPCA - Variação mensal,%
2008-04-01,2008,4,1,0.55,433,IPCA - Variação mensal,%
2008-05-01,2008,5,1,0.79,433,IPCA - Variação mensal,%
2008-06-01,2008,6,1,0.74,433,IPCA - Variação mensal,%
2008-07-01,2008,7,1,0.53,433,IPCA - Variação mensal,%
2008-08-01,2008,8,1,0.28,433,IPCA - Variação mensal,%
2008-09-01,2008,9,1,0.26,433,IPCA - Variação mensal,%
2008-10-01,2008,10,1,0.45,433,IPCA - Variação mensal,%
2008-11-01,2008,11,1,0.36,433,IPCA - Variação mensal,%
2008-12-01,2008,12,1,0.28,433,IPCA - Variação mensal,%
2009-01-01,2009,1,1,0.48,433,IPCA - Variação mensal,%
2009-02-01,2009,2,1,0.55,433,IPCA - Variação mensal,%
2009-03-01,2009,3,1,0.2,433,IPCA - Variação mensal,%
2009-04-01,2009,4,1,0.48,433,IPCA - Variação mensal,%
2009-05-01,2009,5,1,0.47,433,IPCA - Variação mensal,%
2009-06-01,2009,6,1,0.36,433,IPCA - Variação mensal,%
2009-07-01,2009,7,1,0.24,433,IPCA - Variação mensal,%
2009-08-01,2009,8,1,0.15,433,IPCA - Variação mensal,%
2009-09-01,2009,9,1,0.24,433,IPCA - Variação mensal,%
2009-10-01,2009,10,1,0.28,433,IPCA - Variação mensal,%
2009-11-01,2009,11,1,0.41,433,IPCA - Variação mensal,%
2009-12-01,2009,12,1,0.37,433,IPCA - Variação mensal,%
2010-01-01,2010,1,1,0.75,433,IPCA - Variação mensal,%
2010-02-01,2010,2,1,0.78,433,IPCA - Variação mensal,%
2010-03-01,2010,3,1,0.52,433,IPCA - Variação mensal,%
2010-04-01,2010,4,1,0.57,433,IPCA - Variação mensal,%
2010-05-01,2010,5,1,0.43,433,IPCA - Variação mensal,%
2010-06-01,2010,6,1,0.0,433,IPCA - Variação mensal,%
2010-07-01,2010,7,1,0.01,433,IPCA - Variação mensal,%
2010-08-01,2010,8,1,0.04,433,IPCA - Variação mensal,%
2010-09-01,2010,9,1,0.45,433,IPCA - Variação mensal,%
2010-10-01,2010,10,1,0.75,433,IPCA - Variação mensal,%
2010-11-01,2010,11,1,0.83,433,IPCA - Variação mensal,%
2010-12-01,2010,12,1,0.63,433,IPCA - Variação mensal,%
2011-01-01,2011,1,1,0.83,433,IPCA - Variação mensal,%
2011-02-01,2011,2,1,0.8,433,IPCA - Variação mensal,%
2011-03-01,2011,3,1,0.79,433,IPCA - Variação mensal,%
2011-04-01,2011,4,1,0.77,433,IPCA - Variação mensal,%
2011-05-01,2011,5,1,0.47,433,IPCA - Variação mensal,%
2011-06-01,2011,6,1,0.15,433,IPCA - Variação mensal,%
2011-07-01,2011,7,1,0.16,433,IPCA - Variação mensal,%
2011-08-01,2011,8,1,0.37,433,IPCA - Variação mensal,%
2011-09-01,2011,9,1,0.53,433,IPCA - Variação mensal,%
2011-10-01,2011,10,1,0.43,433,IPCA - Variação mensal,%
2011-11-01,2011,11,1,0.52,433,IPCA - Variação mensal,%
2011-12-01,2011,12,1,0.5,433,IPCA - Variação mensal,%
2012-01-01,2012,1,1,0.56,433,IPCA - Variação mensal,%
2012-02-01,2012,2,1,0.45,433,IPCA - Variação mensal,%
2012-03-01,2012,3,1,0.21,433,IPCA - Variação mensal,%
2012-04-01,2012,4,1,0.64,433,IPCA - Variação mensal,%
2012-05-01,2012,5,1,0.36,433,IPCA - Variação mensal,%
2012-06-01,2012,6,1,0.08,433,IPCA - Variação mensal,%
2012-07-01,2012,7,1,0.43,433,IPCA - Variação mensal,%
2012-08-01,2012,8,1,0.41,433,IPCA - Variação mensal,%
2012-09-01,2012,9,1,0.57,433,IPCA - Variação mensal,%
2012-10-01,2012,10,1,0.59,433,IPCA - Variação mensal,%
2012-11-01,2012,11,1,0.6,433,IPCA - Variação mensal,%
2012-12-01,2012,12,1,0.79,433,IPCA - Variação mensal,%
2013-01-01,2013,1,1,0.86,433,IPCA - Variação mensal,%
2013-02-01,2013,2,1,0.6,433,IPCA - Variação mensal,%
2013-03-01,2013,3,1,0.47,433,IPCA - Variação mensal,%
2013-04-01,2013,4,1,0.55,433,IPCA - Variação mensal,%
2013-05-01,2013,5,1,0.37,433,IPCA - Variação mensal,%
2013-06-01,2013,6,1,0.26,433,IPCA - Variação mensal,%
2013-07-01,2013,7,1,0.03,433,IPCA - Variação mensal,%
2013-08-01,2013,8,1,0.24,433,IPCA - Variação mensal,%
2013-09-01,2013,9,1,0.35,433,IPCA - Variação mensal,%
2013-10-01,2013,10,1,0.57,433,IPCA - Variação mensal,%
2013-11-01,2013,11,1,0.54,433,IPCA - Variação mensal,%
2013-12-01,2013,12,1,0.92,433,IPCA - Variação mensal,%
2014-01-01,2014,1,1,0.55,433,IPCA - Variação mensal,%
2014-02-01,2014,2,1,0.69,433,IPCA - Variação mensal,%
2014-03-01,2014,3,1,0.92,433,IPCA - Variação mensal,%
2014-04-01,2014,4,1,0.67,433,IPCA - Variação mensal,%
2014-05-01,2014,5,1,0.46,433,IPCA - Variação mensal,%
2014-06-01,2014,6,1,0.4,433,IPCA - Variação mensal,%
2014-07-01,2014,7,1,0.01,433,IPCA - Variação mensal,%
2014-08-01,2014,8,1,0.25,433,IPCA - Variação mensal,%
2014-09-01,2014,9,1,0.57,433,IPCA - Variação mensal,%
2014-10-01,2014,10,1,0.42,433,IPCA - Variação mensal,%
2014-11-01,2014,11,1,0.51,433,IPCA - Variação mensal,%
2014-12-01,2014,12,1,0.78,433,IPCA - Variação mensal,%
2015-01-01,2015,1,1,1.24,433,IPCA - Variação mensal,%
2015-02-01,2015,2,1,1.22,433,IPCA - Variação mensal,%
2015-03-01,2015,3,1,1.32,433,IPCA - Variação mensal,%
2015-04-01,2015,4,1,0.71,433,IPCA - Variação mensal,%
2015-05-01,2015,5,1,0.74,433,IPCA - Variação mensal,%
2015-06-01,2015,6,1,0.79,433,IPCA - Variação mensal,%
2015-07-01,2015,7,1,0.62,433,IPCA - Variação mensal,%
2015-08-01,2015,8,1,0.22,433,IPCA - Variação mensal,%
2015-09-01,2015,9,1,0.54,433,IPCA - Variação mensal,%
2015-10-01,2015,10,1,0.82,433,IPCA - Variação mensal,%
2015-11-01,2015,11,1,1.01,433,IPCA - Variação mensal,%
2015-12-01,2015,12,1,0.96,433,IPCA - Variação mensal,%
2016-01-01,2016,1,1,1.27,433,IPCA - Variação mensal,%
2016-02-01,2016,2,1,0.9,433,IPCA - Variação mensal,%
2016-03-01,2016,3,1,0.43,433,IPCA - Variação mensal,%
2016-04-01,2016,4,1,0.61,433,IPCA - Variação mensal,%
2016-05-01,2016,5,1,0.78,433,IPCA - Variação mensal,%
2016-06-01,2016,6,1,0.35,433,IPCA - Variação mensal,%
2016-07-01,2016,7,1,0.52,433,IPCA - Variação mensal,%
2016-08-01,2016,8,1,0.44,433,IPCA - Variação mensal,%
2016-09-01,2016,9,1,0.08,433,IPCA - Variação mensal,%
2016-10-01,2016,10,1,0.26,433,IPCA - Variação mensal,%
2016-11-01,2016,11,1,0.18,433,IPCA - Variação mensal,%
2016-12-01,2016,12,1,0.3,433,IPCA - Variação mensal,%
2017-01-01,2017,1,1,0.38,433,IPCA - Variação mensal,%
2017-02-01,2017,2,1,0.33,433,IPCA - Variação mensal,%
2017-03-01,2017,3,1,0.25,433,IPCA - Variação mensal,%
2017-04-01,2017,4,1,0.14,433,IPCA - Variação mensal,%
2017-05-01,2017,5,1,0.31,433,IPCA - Variação mensal,%
2017-06-01,2017,6,1,-0.23,433,IPCA - Variação mensal,%
2017-07-01,2017,7,1,0.24,433,IPCA - Variação mensal,%
2017-08-01,2017,8,1,0.19,433,IPCA - Variação mensal,%
2017-09-01,2017,9,1,0.16,433,IPCA - Variação mensal,%
2017-10-01,2017,10,1,0.42,433,IPCA - Variação mensal,%
2017-11-01,2017,11,1,0.28,433,IPCA - Variação mensal,%
2017-12-01,2017,12,1,0.44,433,IPCA - Variação mensal,%
2018-01-01,2018,1,1,0.29,433,IPCA - Variação mensal,%
2018-02-01,2018,2,1,0.32,433,IPCA - Variação mensal,%
2018-03-01,2018,3,1,0.09,433,IPCA - Variação mensal,%
2018-04-01,2018,4,1,0.22,433,IPCA - Variação mensal,%
2018-05-01,2018,5,1,0.4,433,IPCA - Variação mensal,%
2018-06-01,2018,6,1,1.26,433,IPCA - Variação mensal,%
2018-07-01,2018,7,1,0.33,433,IPCA - Variação mensal,%
2018-08-01,2018,8,1,-0.09,433,IPCA - Variação mensal,%
2018-09-01,2018,9,1,0.48,433,IPCA - Variação mensal,%
2018-10-01,2018,10,1,0.45,433,IPCA - Variação mensal,%
2018-11-01,2018,11,1,-0.21,433,IPCA - Variação mensal,%
2018-12-01,2018,12,1,0.15,433,IPCA - Variação mensal,%
2019-01-01,2019,1,1,0.32,433,IPCA - Variação mensal,%
2019-02-01,2019,2,1,0.43,433,IPCA - Variação mensal,%
2019-03-01,2019,3,1,0.75,433,IPCA - Variação mensal,%
2019-04-01,2019,4,1,0.57,433,IPCA - Variação mensal,%
2019-05-01,2019,5,1,0.13,433,IPCA - Variação mensal,%
2019-06-01,2019,6,1,0.01,433,IPCA - Variação mensal,%
2019-07-01,2019,7,1,0.19,433,IPCA - Variação mensal,%
2019-08-01,2019,8,1,0.11,433,IPCA - Variação mensal,%
2019-09-01,2019,9,1,-0.04,433,IPCA - Variação mensal,%
2019-10-01,2019,10,1,0.1,433,IPCA - Variação mensal,%
2019-11-01,2019,11,1,0.51,433,IPCA - Variação mensal,%
2019-12-01,2019,12,1,1.15,433,IPCA - Variação mensal,%
2020-01-01,2020,1,1,0.21,433,IPCA - Variação mensal,%
2020-02-01,2020,2,1,0.25,433,IPCA - Variação mensal,%
2020-03-01,2020,3,1,0.07,433,IPCA - Variação mensal,%
2020-04-01,2020,4,1,-0.31,433,IPCA - Variação mensal,%
2020-05-01,2020,5,1,-0.38,433,IPCA - Variação mensal,%
2020-06-01,2020,6,1,0.26,433,IPCA - Variação mensal,%
2020-07-01,2020,7,1,0.36,433,IPCA - Variação mensal,%
2020-08-01,2020,8,1,0.24,433,IPCA - Variação mensal,%
2020-09-01,2020,9,1,0.64,433,IPCA - Variação mensal,%
2020-10-01,2020,10,1,0.86,433,IPCA - Variação mensal,%
2020-11-01,2020,11,1,0.89,433,IPCA - Variação mensal,%
2020-12-01,2020,12,1,1.35,433,IPCA - Variação mensal,%
2021-01-01,2021,1,1,0.25,433,IPCA - Variação mensal,%
2021-02-01,2021,2,1,0.86,433,IPCA - Variação mensal,%
2021-03-01,2021,3,1,0.93,433,IPCA - Variação mensal,%
2021-04-01,2021,4,1,0.31,433,IPCA - Variação mensal,%
2021-05-01,2021,5,1,0.83,433,IPCA - Variação mensal,%
2021-06-01,2021,6,1,0.53,433,IPCA - Variação mensal,%
2021-07-01,2021,7,1,0.96,433,IPCA - Variação mensal,%
2021-08-01,2021,8,1,0.87,433,IPCA - Variação mensal,%
2021-09-01,2021,9,1,1.16,433,IPCA - Variação mensal,%
2021-10-01,2021,10,1,1.25,433,IPCA - Variação mensal,%
2021-11-01,2021,11,1,0.95,433,IPCA - Variação mensal,%
2021-12-01,2021,12,1,0.73,433,IPCA - Variação mensal,%
2022-01-01,2022,1,1,0.54,433,IPCA - Variação mensal,%
2022-02-01,2022,2,1,1.01,433,IPCA - Variação mensal,%
2022-03-01,2022,3,1,1.62,433,IPCA - Variação mensal,%
2022-04-01,2022,4,1,1.06,433,IPCA - Variação mensal,%
2022-05-01,2022,5,1,0.47,433,IPCA - Variação mensal,%
2022-06-01,2022,6,1,0.67,433,IPCA - Variação mensal,%
2022-07-01,2022,7,1,-0.68,433,IPCA - Variação mensal,%
2022-08-01,2022,8,1,-0.36,433,IPCA - Variação mensal,%
2022-09-01,2022,9,1,-0.29,433,IPCA - Variação mensal,%
2022-10-01,2022,10,1,0.59,433,IPCA - Variação mensal,%
2022-11-01,2022,11,1,0.41,433,IPCA - Variação mensal,%
2022-12-01,2022,12,1,0.62,433,IPCA - Variação mensal,%
2023-01-01,2023,1,1,0.53,433,IPCA - Variação mensal,%
2023-02-01,2023,2,1,0.84,433,IPCA - Variação mensal,%
2023-03-01,2023,3,1,0.71,433,IPCA - Variação mensal,%
2023-04-01,2023,4,1,0.61,433,IPCA - Variação mensal,%
2023-05-01,2023,5,1,0.23,433,IPCA - Variação mensal,%
2023-06-01,2023,6,1,-0.08,433,IPCA - Variação mensal,%
2023-07-01,2023,7,1,0.12,433,IPCA - Variação mensal,%
2023-08-01,2023,8,1,0.23,433,IPCA - Variação mensal,%
2023-09-01,2023,9,1,0.26,433,IPCA - Variação mensal,%
2023-10-01,2023,10,1,0.24,433,IPCA - Variação mensal,%
2023-11-01,2023,11,1,0.28,433,IPCA - Variação mensal,%
2023-12-01,2023,12,1,0.56,433,IPCA - Variação mensal,%
2024-01-01,2024,1,1,0.42,433,IPCA - Variação mensal,%
2024-02-01,2024,2,1,0.83,433,IPCA - Variação mensal,%
2024-03-01,2024,3,1,0.16,433,IPCA - Variação mensal,%
2024-04-01,2024,4,1,0.38,433,IPCA - Variação mensal,%
2024-05-01,2024,5,1,0.46,433,IPCA - Variação mensal,%
2024-06-01,2024,6,1,0.21,433,IPCA - Variação mensal,%
2024-07-01,2024,7,1,0.38,433,IPCA - Variação mensal,%
2024-08-01,2024,8,1,-0.02,433,IPCA - Variação mensal,%
2024-09-01,2024,9,1,0.44,433,IPCA - Variação mensal,%
2024-10-01,2024,10,1,0.56,433,IPCA - Variação mensal,%
2024-11-01,2024,11,1,0.39,433,IPCA - Variação mensal,%
2024-12-01,2024,12,1,0.52,433,IPCA - Variação mensal,%
2025-01-01,2025,1,1,0.16,433,IPCA - Variação mensal,%
2025-02-01,2025,2,1,1.31,433,IPCA - Variação mensal,%
2025-03-01,2025,3,1,0.56,433,IPCA - Variação mensal,%
2025-04-01,2025,4,1,0.43,433,IPCA - Variação mensal,%
2025-05-01,2025,5,1,0.26,433,IPCA - Variação mensal,%
2025-06-01,2025,6,1,0.24,433,IPCA - Variação mensal,%
2025-07-01,2025,7,1,0.26,433,IPCA - Variação mensal,%
2025-08-01,2025,8,1,-0.11,433,IPCA - Variação mensal,%
2025-09-01,2025,9,1,0.48,433,IPCA - Variação mensal,%
2025-10-01,2025,10,1,0.09,433,IPCA - Variação mensal,%
2025-11-01,2025,11,1,0.18,433,IPCA - Variação mensal,%
2025-12-01,2025,12,1,0.33,433,IPCA - Variação mensal,%
2026-01-01,2026,1,1,0.33,433,IPCA - Variação mensal,%
2026-02-01,2026,2,1,0.7,433,IPCA - Variação mensal,%
2026-03-01,2026,3,1,0.88,433,IPCA - Variação mensal,%
2026-04-01,2026,4,1,0.67,433,IPCA - Variação mensal,%
2026-05-01,2026,5,1,0.58,433,IPCA - Variação mensal,%
2026-06-01,2026,6,1,0.16,433,IPCA - Variação mensal,%
2026-07-01,2026,7,1,0.07,433,IPCA - Variação mensal,%
2026-08-01,2026,8,1,-0.32,433,IPCA - Variação mensal,%
