ano,presidente_dominante,ipca_acumulado_ano_pct,pib_crescimento_real_pct,crescimento_pib_percentual,inflacao_anual_ipca,inflacao_acumulada_mandato,taxa_desemprego_anual,taxa_desmatamento_amazonia,inseguranca_alimentar_pct,cambio_dolar_medio,cotacao_dolar_fechamento,salario_minimo,salario_minimo_nominal_brl,taxa_homicidios,taxa_feminicidios,divida_liquida_pct_pib,ibovespa_fechamento
1993,Itamar Franco,2477.148,4.92,4.92,2477.148,,5.3,,12.0,19323.0223,279.385,18760.0,18760.0,,,,3729.0
1994,Itamar Franco,916.4329,5.85,5.85,916.4329,18.5668,5.1,,11.5,0.8725,0.8501,70.0,70.0,,,,4354.0
1995,Fernando Henrique Cardoso (FHC 1),22.4089,4.22,4.22,22.4089,22.4089,6.1,29059.0,11.0,0.9176,0.9683,100.0,100.0,23.9,0.7,,4299.0
1996,Fernando Henrique Cardoso (FHC 1),9.5638,2.21,2.21,9.5638,34.1158,6.9,18161.0,10.8,1.0051,1.0373,112.0,112.0,24.8,0.72,,7040.0
1997,Fernando Henrique Cardoso (FHC 1),5.2247,3.39,3.39,5.2247,41.123,7.8,13227.0,10.5,1.078,1.1136,120.0,120.0,25.4,0.75,,10197.0
1998,Fernando Henrique Cardoso (FHC 1),1.6556,0.34,0.34,1.6556,43.4595,9.0,17383.0,10.5,1.1605,1.2054,130.0,130.0,25.9,0.78,,6784.0
1999,Fernando Henrique Cardoso (FHC 2),8.9399,0.47,0.47,8.9399,8.9399,9.6,17259.0,10.2,1.8147,1.8428,136.0,136.0,26.2,0.8,,17092.0
2000,Fernando Henrique Cardoso (FHC 2),5.9743,4.39,4.39,5.9743,15.4484,9.4,15850.0,10.0,1.8302,1.9633,151.0,151.0,26.7,0.82,,15259.0
2001,Fernando Henrique Cardoso (FHC 2),7.6733,1.39,1.39,7.6733,24.307,9.3,18165.0,9.9,2.3504,2.3627,180.0,180.0,27.8,0.85,51.49,13578.0
2002,Fernando Henrique Cardoso (FHC 2),12.5303,3.05,3.05,12.5303,39.8831,10.5,21650.0,9.8,2.9212,3.6259,200.0,200.0,28.5,0.88,59.93,11268.0
2003,Lula (Lula 1),9.2999,1.14,1.14,9.2999,9.2999,12.3,25396.0,9.5,3.0783,2.9253,240.0,240.0,28.9,0.89,54.26,22236.0
2004,Lula (Lula 1),7.6006,5.76,5.76,7.6006,17.6074,11.5,27772.0,6.9,2.9259,2.7182,260.0,260.0,27.0,0.86,50.19,26196.0
2005,Lula (Lula 1),5.6897,3.2,3.2,5.6897,24.299,9.8,19014.0,6.5,2.4352,2.2855,300.0,300.0,26.1,0.84,47.92,33456.0
2006,Lula (Lula 1),3.1418,3.96,3.96,3.1418,28.2042,10.0,14286.0,5.8,2.1761,2.1499,350.0,350.0,26.6,0.85,46.49,44474.0
2007,Lula (Lula 2),4.4573,6.07,6.07,4.4573,4.4573,9.3,11651.0,5.4,1.9479,1.786,380.0,380.0,25.2,0.83,44.55,63886.0
2008,Lula (Lula 2),5.9023,5.09,5.09,5.9023,10.6227,7.9,12911.0,5.1,1.8346,2.3944,415.0,415.0,26.4,0.86,37.57,37550.0
2009,Lula (Lula 2),4.312,-0.13,-0.13,4.312,15.3928,8.1,7464.0,5.0,1.9976,1.7503,465.0,465.0,27.2,0.88,40.88,68588.0
2010,Lula (Lula 2),5.9091,7.53,7.53,5.9091,22.2115,6.7,7000.0,4.6,1.7601,1.6934,510.0,510.0,27.8,0.9,37.98,69305.0
2011,Dilma Rousseff (Dilma 1),6.5031,3.97,3.97,6.5031,6.5031,6.0,6418.0,4.1,1.675,1.8369,545.0,545.0,27.4,0.89,34.47,56754.0
2012,Dilma Rousseff (Dilma 1),5.8386,1.92,1.92,5.8386,12.7214,7.4,4571.0,3.6,1.9546,2.0778,622.0,622.0,29.4,0.92,32.19,60952.0
2013,Dilma Rousseff (Dilma 1),5.9108,3.0,3.0,5.9108,19.3841,7.1,5891.0,3.2,2.1576,2.3455,678.0,678.0,28.6,0.91,30.5,51507.0
2014,Dilma Rousseff (Dilma 1),6.4076,0.5,0.5,6.4076,27.0338,6.8,5012.0,3.0,2.3536,2.6394,724.0,724.0,29.8,0.94,32.59,50007.0
2015,Dilma Rousseff (Dilma 2),10.6735,-3.55,-3.55,10.6735,10.6735,8.5,6207.0,3.8,3.3315,3.8711,788.0,788.0,28.9,0.85,35.64,43350.0
2016,Dilma Rousseff (Dilma 2),6.2881,-3.28,-3.28,6.2881,16.6732,11.5,7893.0,4.2,3.4901,3.3523,880.0,880.0,30.3,0.95,46.14,60227.0
2017,Michel Temer,2.9473,1.32,1.32,2.9473,3.794,12.7,6947.0,5.0,3.192,3.2919,937.0,937.0,31.6,1.04,51.37,76402.0
2018,Michel Temer,3.7455,1.78,1.78,3.7455,7.6816,12.3,7536.0,5.8,3.6545,3.8851,954.0,954.0,27.8,1.15,52.77,87887.0
2019,Jair Bolsonaro,4.306,1.22,1.22,4.306,4.306,11.9,10129.0,6.2,3.9451,4.1096,998.0,998.0,21.7,1.25,54.7,115645.0
2020,Jair Bolsonaro,4.5173,-3.28,-3.28,4.5173,9.0179,13.7,10851.0,9.0,5.1558,5.1456,1045.0,1045.0,23.6,1.28,61.37,119017.0
2021,Jair Bolsonaro,10.0611,4.76,4.76,10.0611,19.9863,13.1,13038.0,12.5,5.395,5.6514,1100.0,1100.0,22.3,1.31,55.11,104822.0
2022,Jair Bolsonaro,5.7848,3.02,3.02,5.7848,26.9273,9.3,11594.0,15.5,5.1648,5.2424,1212.0,1212.0,21.7,1.4,56.13,109735.0
2023,Lula (Lula 3),4.6211,3.24,3.24,4.6211,4.6211,7.8,9001.0,8.7,4.995,4.8972,1320.0,1320.0,20.9,1.42,60.43,134185.0
2024,Lula (Lula 3),4.8313,3.42,3.42,4.8313,9.6757,6.9,6288.0,6.6,5.3895,6.097,1412.0,1412.0,19.4,1.38,61.3,120280.0
2025,Lula (Lula 3),4.2644,2.29,2.29,4.2644,14.3527,,,,5.5879,5.4531,1518.0,1518.0,18.8,1.34,65.24,
2026,Lula (Lula 3),3.1058,,,3.1058,17.9043,,,,5.1474,5.1447,1621.0,1621.0,18.2,1.3,69.26,
