ano,taxa_homicidios,taxa_feminicidios,feminicidio_estimado,fonte
1995,23.9,0.7,True,IPEA / Atlas da Violência / FBSP (valores curados manualmente; pendente de conferência)
1996,24.8,0.72,True,IPEA / Atlas da Violência / FBSP (valores curados manualmente; pendente de conferência)
1997,25.4,0.75,True,IPEA / Atlas da Violência / FBSP (valores curados manualmente; pendente de conferência)
1998,25.9,0.78,True,IPEA / Atlas da Violência / FBSP (valores curados manualmente; pendente de conferência)
1999,26.2,0.8,True,IPEA / Atlas da Violência / FBSP (valores curados manualmente; pendente de conferência)
2000,26.7,0.82,True,IPEA / Atlas da Violência / FBSP (valores curados manualmente; pendente de conferência)
2001,27.8,0.85,True,IPEA / Atlas da Violência / FBSP (valores curados manualmente; pendente de conferência)
2002,28.5,0.88,True,IPEA / Atlas da Violência / FBSP (valores curados manualmente; pendente de conferência)
2003,28.9,0.89,True,IPEA / Atlas da Violência / FBSP (valores curados manualmente; pendente de conferência)
2004,27.0,0.86,True,IPEA / Atlas da Violência / FBSP (valores curados manualmente; pendente de conferência)
2005,26.1,0.84,True,IPEA / Atlas da Violência / FBSP (valores curados manualmente; pendente de conferência)
2006,26.6,0.85,True,IPEA / Atlas da Violência / FBSP (valores curados manualmente; pendente de conferência)
2007,25.2,0.83,True,IPEA / Atlas da Violência / FBSP (valores curados manualmente; pendente de conferência)
2008,26.4,0.86,True,IPEA / Atlas da Violência / FBSP (valores curados manualmente; pendente de conferência)
2009,27.2,0.88,True,IPEA / Atlas da Violência / FBSP (valores curados manualmente; pendente de conferência)
2010,27.8,0.9,True,IPEA / Atlas da Violência / FBSP (valores curados manualmente; pendente de conferência)
2011,27.4,0.89,True,IPEA / Atlas da Violência / FBSP (valores curados manualmente; pendente de conferência)
2012,29.4,0.92,True,IPEA / Atlas da Violência / FBSP (valores curados manualmente; pendente de conferência)
2013,28.6,0.91,True,IPEA / Atlas da Violência / FBSP (valores curados manualmente; pendente de conferência)
2014,29.8,0.94,True,IPEA / Atlas da Violência / FBSP (valores curados manualmente; pendente de conferência)
2015,28.9,0.85,False,IPEA / Atlas da Violência / FBSP (valores curados manualmente; pendente de conferência)
2016,30.3,0.95,False,IPEA / Atlas da Violência / FBSP (valores curados manualmente; pendente de conferência)
2017,31.6,1.04,False,IPEA / Atlas da Violência / FBSP (valores curados manualmente; pendente de conferência)
2018,27.8,1.15,False,IPEA / Atlas da Violência / FBSP (valores curados manualmente; pendente de conferência)
2019,21.7,1.25,False,IPEA / Atlas da Violência / FBSP (valores curados manualmente; pendente de conferência)
2020,23.6,1.28,False,IPEA / Atlas da Violência / FBSP (valores curados manualmente; pendente de conferência)
2021,22.3,1.31,False,IPEA / Atlas da Violência / FBSP (valores curados manualmente; pendente de conferência)
2022,21.7,1.4,False,IPEA / Atlas da Violência / FBSP (valores curados manualmente; pendente de conferência)
2023,20.9,1.42,False,IPEA / Atlas da Violência / FBSP (valores curados manualmente; pendente de conferência)
2024,19.4,1.38,False,IPEA / Atlas da Violência / FBSP (valores curados manualmente; pendente de conferência)
