codigo_autor_siafi;nome_autor;camara_id;senado_id;revisado;uf_parlamentar;uf_destino_predominante;observacao
3030;ABEL MESQUITA JR.;;;nao;;RR;sem_correspondencia
3420;ABELARDO LUPION;;;nao;;PR;sem_correspondencia
4290;ABILIO BRUNINI;220593;;nao;MT;MT;
3895;ABILIO SANTANA;;;nao;;BA;sem_correspondencia
3896;ABOU ANNI;;;nao;;SP;sem_correspondencia
3897;ACACIO FAVACHO;204379;;nao;AP;AP;
2735;ACELINO POPO;;;nao;;BA;sem_correspondencia
2633;ACIR GURGACZ;;;nao;;RO;sem_correspondencia
3031;ADAIL CARNEIRO;;;nao;;CE;sem_correspondencia
4291;ADAIL FILHO;220714;;nao;AM;AM;
3032;ADALBERTO CAVALCANTI;;;nao;;PE;sem_correspondencia
3033;ADELMO CARNEIRO LEAO;;;nao;;MG;sem_correspondencia
3034;ADELSON BARRETO;;;nao;;SE;sem_correspondencia
2075;ADEMIR CAMILO;;;nao;;MG;sem_correspondencia
4292;ADILSON BARROSO;221328;;nao;SP;SP;
3035;ADILTON SACHETTI;;;nao;;MT;sem_correspondencia
3898;ADOLFO VIANA;204560;;nao;BA;BA;
2775;ADRIAN;;;nao;;RJ;sem_correspondencia
3899;ADRIANA VENTURA;204528;;nao;SP;SP;
3900;ADRIANO DO BALDY;121948;;nao;GO;GO;
1349;AECIO NEVES;74646;;nao;MG;MG;
2889;AECIO NEVES;74646;;nao;MG;MG;
2018;AELTON FREITAS;;;nao;;MG;sem_correspondencia
2871;AFONSO FLORENCE;160508;;nao;BA;BA;
2098;AFONSO HAMM;136811;;nao;RS;RS;
3020;AFONSO MOTTA;178835;;nao;RS;RS;
2711;AGUINALDO RIBEIRO;160527;;nao;PB;PB;
3901;AIRTON FALEIRO;204495;;nao;PA;PA;
3866;AIRTON SANDOVAL;;;nao;;SP;sem_correspondencia
3902;AJ ALBUQUERQUE;204549;;nao;CE;CE;
2986;AKIRA OTSUBO;;;nao;;MS;sem_correspondencia
3036;ALAN RICK;;5672;nao;AC;AC;
4394;ALAN RICK;;5672;nao;AC;AC;
2694;ALBERTO FILHO;;;nao;;MA;sem_correspondencia
3630;ALBERTO FRAGA;73579;;nao;DF;DF;
3597;ALBERTO MOURAO;74696;;nao;SP;SP;
4293;ALBUQUERQUE;220538;;nao;RR;RR;
2858;ALCEU MOREIRA;160559;;nao;RS;RS;
3903;ALCIDES RODRIGUES;;;nao;;GO;sem_correspondencia
3904;ALE SILVA;;;nao;;MG;sem_correspondencia
3905;ALENCAR SANTANA;204501;;nao;SP;SP;
3905;ALENCAR SANTANA BRAGA;;;nao;;SP;sem_correspondencia
2776;ALESSANDRO MOLON;;;nao;;RJ;sem_correspondencia
4144;ALESSANDRO VIEIRA;;5982;nao;SE;SE;
3680;ALEX CANZIANI;;;nao;;PR;sem_correspondencia
3037;ALEX MANENTE;178972;;nao;SP;SP;
3906;ALEX SANTANA;204571;;nao;BA;BA;
3038;ALEXANDRE BALDY;;;nao;;GO;sem_correspondencia
3907;ALEXANDRE FROTA;;;nao;;SP;sem_correspondencia
4294;ALEXANDRE GUIMARAES;220542;;nao;TO;TO;
2796;ALEXANDRE LEITE;160545;;nao;SP;SP;
4295;ALEXANDRE LINDENMEYER;220554;;nao;RS;RS;
3908;ALEXANDRE PADILHA;204503;;nao;SP;SP;
2859;ALEXANDRE ROSO;;;nao;;RS;sem_correspondencia
3115;ALEXANDRE SANTOS;;;nao;;RJ;sem_correspondencia
3039;ALEXANDRE SERFIOTIS;;;nao;;RJ;sem_correspondencia
2227;ALEXANDRE SILVEIRA;;;nao;;MG;sem_correspondencia
4232;ALEXANDRE SILVEIRA;;;nao;;MG;sem_correspondencia
2962;ALEXANDRE TOLEDO;;;nao;;AL;sem_correspondencia
3040;ALEXANDRE VALLE;;;nao;;RJ;sem_correspondencia
3909;ALEXIS FONTEYNE;;;nao;;SP;sem_correspondencia
4258;ALFREDINHO;221148;;nao;SP;SP;
4296;ALFREDO GASPAR;220576;;nao;AL;AL;
2399;ALFREDO KAEFER;;;nao;;PR;sem_correspondencia
2637;ALFREDO NASCIMENTO;;;nao;;AM;sem_correspondencia
3807;ALFREDO NASCIMENTO;;;nao;;AM;sem_correspondencia
1331;ALICE PORTUGAL;74057;;nao;BA;BA;
3041;ALIEL MACHADO;178927;;nao;PR;PR;
2518;ALINE CORREA;;;nao;;SP;sem_correspondencia
3910;ALINE GURGEL;204353;;nao;AP;AP;
4310;ALINE GURGEL (EX-PARLAMENTAR JOSE AUGUSTO PUPPIO, NOS TERMOS ART. 78 LDO 2025 E DA MENSAGEM 95-CN, DE 06.11.25);;;nao;;AP;sem_correspondencia
3911;ALINE SLEUTJES;;;nao;;PR;sem_correspondencia
2731;ALMEIDA LIMA;;;nao;;SE;sem_correspondencia
2886;ALOYSIO NUNES FERREIRA;;;nao;;SP;sem_correspondencia
3042;ALTINEU CORTES;178937;;nao;RJ;RJ;
3043;ALUISIO MENDES;178881;;nao;MA;MA;
2052;ALVARO DIAS;;;nao;;PR;sem_correspondencia
4297;AMALIA BARROS;220596;;nao;MT;MT;
4298;AMANDA GENTIL;220707;;nao;MA;MA;
3912;AMARO NETO;204356;;nao;ES;ES;
2736;AMAURI TEIXEIRA;;;nao;;BA;sem_correspondencia
2213;AMIR LANDO;;;nao;;RO;sem_correspondencia
4299;AMOM MANDEL;220715;;nao;AM;AM;
2893;ANA AMELIA;;;nao;;RS;sem_correspondencia
4300;ANA PAULA LEAO;107970;;nao;MG;MG;
4301;ANA PAULA LIMA;220556;;nao;SC;SC;
4283;ANA PAULA LOBATO;;6358;nao;MA;MA;
3044;ANA PERUGINI;;;nao;;SP;sem_correspondencia
4302;ANA PIMENTEL;220632;;nao;MG;MG;
2898;ANA RITA;;;nao;;ES;sem_correspondencia
2717;ANDERSON FERREIRA;;;nao;;PE;sem_correspondencia
3045;ANDRE ABDON;178831;;nao;AP;AP;
4481;ANDRE ABDON (EX-PARLAMENTAR SONIZE BARBOSA, NOS TERMOS ART. 78 LDO 2025 E DA MENSAGEM 95-CN, DE 06.11.25);;;nao;;AP;sem_correspondencia
3847;ANDRE AMARAL;;;nao;;PB;sem_correspondencia
1074;ANDRE DE PAULA;;;nao;;PE;sem_correspondencia
4303;ANDRE FERNANDES;220657;;nao;CE;CE;
3913;ANDRE FERREIRA;204423;;nao;PE;PE;
2083;ANDRE FIGUEIREDO;133439;;nao;CE;CE;
3046;ANDRE FUFUCA;178882;;nao;MA;MA;
3914;ANDRE JANONES;204515;;nao;MG;MG;
2732;ANDRE MOURA;;;nao;;SE;sem_correspondencia
1962;ANDRE ZACHAROW;;;nao;;PR;sem_correspondencia
4304;ANDREIA SIQUEIRA;220676;;nao;PA;PA;
2495;ANDREIA ZITO;;;nao;;RJ;sem_correspondencia
3047;ANDRES SANCHEZ;;;nao;;SP;sem_correspondencia
1880;ANGELA AMIN;;;nao;;SC;sem_correspondencia
2920;ANGELA PORTELA;;;nao;;RR;sem_correspondencia
3048;ANGELIM;;;nao;;AC;sem_correspondencia
2689;ANGELO AGNOLIN;;;nao;;TO;sem_correspondencia
4179;ANGELO CORONEL;;5967;nao;BA;BA;
2557;ANGELO VANHONI;;;nao;;PR;sem_correspondencia
2912;ANIBAL DINIZ;;;nao;;AC;sem_correspondencia
3122;ANIBAL GOMES;;;nao;;CE;sem_correspondencia
1158;ANSELMO DE JESUS;;;nao;;RO;sem_correspondencia
2777;ANTHONY GAROTINHO;;;nao;;RJ;sem_correspondencia
2686;ANTONIA LUCIA;123756;;nao;AC;AC;
3810;ANTONIO ANASTASIA;;;nao;;MG;sem_correspondencia
2473;ANTONIO ANDRADE;;;nao;TO;MG;uf_divergente
4305;ANTONIO ANDRADE;220544;;nao;TO;TO;
2999;ANTONIO AURELIANO;;;nao;;MG;sem_correspondencia
3125;ANTONIO BALHMANN;;;nao;;CE;sem_correspondencia
2737;ANTONIO BRITO;160553;;nao;BA;BA;
2519;ANTONIO BULHOES;;;nao;;SP;sem_correspondencia
1066;ANTONIO CARLOS MENDES THAME;;;nao;;SP;sem_correspondencia
4306;ANTONIO CARLOS RODRIGUES;220638;;nao;SP;SP;
2246;ANTONIO CARLOS VALADARES;;;nao;;SE;sem_correspondencia
4307;ANTONIO DOIDO;220675;;nao;PA;PA;
2738;ANTONIO IMBASSAHY;;;nao;;BA;sem_correspondencia
3049;ANTONIO JACOME;;;nao;;RN;sem_correspondencia
4308;ANY ORTIZ;220549;;nao;RS;RS;
1653;ARIOSTO HOLANDA;;;nao;;CE;sem_correspondencia
3135;ARLINDO CHINAGLIA;73433;;nao;SP;SP;
2884;ARMANDO MONTEIRO;;;nao;;PE;sem_correspondencia
2832;ARMANDO VERGILIO;;;nao;;GO;sem_correspondencia
1410;ARNALDO FARIA DE SA;;;nao;;SP;sem_correspondencia
2356;ARNALDO JARDIM;141391;;nao;SP;SP;
2678;ARNALDO JORDY;;;nao;;PA;sem_correspondencia
3138;ARNON BEZERRA;;;nao;;CE;sem_correspondencia
1308;AROLDE DE OLIVEIRA;;;nao;;RJ;sem_correspondencia
4090;AROLDE DE OLIVEIRA;;;nao;;RJ;sem_correspondencia
3915;AROLDO MARTINS;;;nao;;PR;sem_correspondencia
2726;ARTHUR LIRA;160541;;nao;AL;AL;
2739;ARTHUR OLIVEIRA MAIA;160600;;nao;BA;BA;
3050;ARTHUR VIRGILIO BISNETO;;;nao;;AM;sem_correspondencia
2699;ARTUR BRUNO;;;nao;;CE;sem_correspondencia
2705;ASSIS CARVALHO;;;nao;;PI;sem_correspondencia
1963;ASSIS DO COUTO;;;nao;;PR;sem_correspondencia
2860;ASSIS MELO;;;nao;;RS;sem_correspondencia
4265;ASTRONAUTA MARCOS PONTES;;6009;nao;SP;SP;
2931;ATAIDES OLIVEIRA;;;nao;;TO;sem_correspondencia
1619;ATILA LINS;74090;;nao;AM;AM;
1935;ATILA LIRA;123086;;nao;PI;PI;
4309;ATILA LIRA;123086;;nao;PI;PI;
4281;AUGUSTA BRITO;;;nao;;CE;sem_correspondencia
1479;AUGUSTO CARVALHO;;;nao;;DF;sem_correspondencia
2718;AUGUSTO COUTINHO;160665;;nao;PE;PE;
4310;AUGUSTO PUPPIO;220577;;nao;AP;AP;
3916;AUREA CAROLINA;;;nao;;MG;sem_correspondencia
2778;AUREO;;;nao;;RJ;sem_correspondencia
2778;AUREO RIBEIRO;160512;;nao;RJ;RJ;
3051;BACELAR;69871;;nao;BA;BA;
3052;BALEIA ROSSI;178975;;nao;SP;SP;
4311;BANDEIRA DE MELLO;220605;;nao;RJ;RJ;
3028;BEBETO;;;nao;RJ;BA;uf_divergente
4312;BEBETO;220612;;nao;RJ;RJ;
1310;BENEDITA DA SILVA;73701;;nao;RJ;RJ;
2907;BENEDITO DE LIRA;;;nao;;AL;sem_correspondencia
3917;BENES LEOCADIO;109429;;nao;RN;RN;
1257;BENITO GAMA;;;nao;;BA;sem_correspondencia
1268;BENJAMIN MARANHAO;;;nao;;PB;sem_correspondencia
2668;BERINHO BANTIM;;;nao;;RR;sem_correspondencia
3053;BETINHO GOMES;;;nao;;PE;sem_correspondencia
3146;BETINHO ROSADO;;;nao;;RN;sem_correspondencia
9014;BETO ALBUQUERQUE;;;nao;;RS;sem_correspondencia
2152;BETO FARO;;4639;nao;PA;PA;
4266;BETO FARO;;4639;nao;PA;PA;
1799;BETO MANSUR;;;nao;;SP;sem_correspondencia
3918;BETO PEREIRA;204358;;nao;MS;MS;
4313;BETO PRETO;220698;;nao;PR;PR;
4314;BETO RICHA;220683;;nao;PR;PR;
3054;BETO ROSADO;;;nao;;RN;sem_correspondencia
3055;BETO SALAME;;;nao;;PA;sem_correspondencia
4145;BIA CAVASSA;;;nao;;MS;sem_correspondencia
3919;BIA KICIS;204374;;nao;DF;DF;
3920;BIBO NUNES;204388;;nao;RS;RS;
1437;BIFFI;;;nao;;MS;sem_correspondencia
2215;BILAC PINTO;;;nao;;MG;sem_correspondencia
3921;BIRA DO PINDARE;;;nao;;MA;sem_correspondencia
2340;BLAIRO MAGGI;;;nao;;MT;sem_correspondencia
3922;BOCA ABERTA;;;nao;;PR;sem_correspondencia
2862;BOHN GASS;160538;;nao;RS;RS;
1928;BONIFACIO DE ANDRADA;;;nao;;MG;sem_correspondencia
1313;BOSCO COSTA;74052;;nao;SE;SE;
3923;BOSCO SARAIVA;;;nao;;AM;sem_correspondencia
9089;BOZZELLA;;;nao;;SP;sem_correspondencia
2797;BRUNA FURLAN;;;nao;;SP;sem_correspondencia
3056;BRUNNY;;;nao;;MG;sem_correspondencia
2453;BRUNO ARAUJO;;;nao;;PE;sem_correspondencia
3057;BRUNO COVAS;;;nao;;SP;sem_correspondencia
4315;BRUNO FARIAS;210989;;nao;MG;MG;
4316;BRUNO GANEM;220635;;nao;SP;SP;
3058;CABO DACIOLO;;;nao;;RJ;sem_correspondencia
4317;CABO GILBERTO SILVA;220574;;nao;PB;PB;
3924;CABO JUNIO AMARAL;;;nao;;MG;sem_correspondencia
3059;CABO SABINO;;;nao;;CE;sem_correspondencia
3060;CABUCU BORGES;;;nao;;AP;sem_correspondencia
3061;CACA LEAO;;;nao;;BA;sem_correspondencia
3062;CAETANO;;;nao;;BA;sem_correspondencia
3063;CAIO NARCIO;;;nao;;MG;sem_correspondencia
3840;CAJAR NARDES;;;nao;;RS;sem_correspondencia
4318;CAMILA JARA;220548;;nao;MS;MS;
3925;CAMILO CAPIBERIBE;;;nao;;AP;sem_correspondencia
2494;CAMILO COLA;;;nao;;ES;sem_correspondencia
2541;CANDIDO VACCAREZZA;;;nao;;SP;sem_correspondencia
3926;CAPITAO ALBERTO NETO;204572;;nao;AM;AM;
4319;CAPITAO ALDEN;220690;;nao;BA;BA;
3064;CAPITAO AUGUSTO;178829;;nao;SP;SP;
9060;CAPITAO DERRITE;;;nao;;SP;sem_correspondencia
3065;CAPITAO FABIO ABREU;;;nao;;PI;sem_correspondencia
3927;CAPITAO WAGNER;;;nao;;CE;sem_correspondencia
4202;CARLA DICKSON;213762;;nao;RN;RN;
4443;CARLA DICKSON (EX-PARLAMENTAR PAULINHO FREIRE, NOS TERMOS ART. 78 LDO 2025 E DA MENSAGEM 95-CN, DE 06.11.25);;;nao;;RN;sem_correspondencia
3928;CARLA ZAMBELLI;204507;;nao;SP;SP;
1953;CARLOS ALBERTO LEREIA;;;nao;;GO;sem_correspondencia
3066;CARLOS ANDRADE;;;nao;;RR;sem_correspondencia
2547;CARLOS BEZERRA;;;nao;;MT;sem_correspondencia
2431;CARLOS BRANDAO;;;nao;;MA;sem_correspondencia
3929;CARLOS CHIODINI;204361;;nao;SC;SC;
1071;CARLOS EDUARDO CADOCA;;;nao;;PE;sem_correspondencia
4201;CARLOS FAVARO;;6295;nao;MT;MT;
3067;CARLOS GOMES;178962;;nao;RS;RS;
3068;CARLOS HENRIQUE GAGUIM;178993;;nao;TO;TO;
3930;CARLOS JORDY;204460;;nao;RJ;RJ;
2684;CARLOS MAGNO;;;nao;;RO;sem_correspondencia
1413;CARLOS MANATO;;;nao;;ES;sem_correspondencia
3069;CARLOS MARUN;;;nao;;MS;sem_correspondencia
3155;CARLOS MELLES;;;nao;;MG;sem_correspondencia
4210;CARLOS PORTINHO;;5936;nao;RJ;RJ;
1527;CARLOS SAMPAIO;74262;;nao;SP;SP;
1147;CARLOS SOUZA;;;nao;;AM;sem_correspondencia
3931;CARLOS VERAS;204426;;nao;PE;PE;
4087;CARLOS VIANA;;5990;nao;MG;MG;
2520;CARLOS ZARATTINI;141398;;nao;SP;SP;
2925;CARMEN ZANOTTO;164360;;nao;SC;SC;
4320;CAROL DARTORA;220704;;nao;PR;PR;
3932;CAROLINE DE TONI;204369;;nao;SC;SC;
2253;CASILDO MALDANER;;;nao;;SC;sem_correspondencia
3933;CASSIO ANDRADE;;;nao;;PA;sem_correspondencia
2946;CASSIO CUNHA LIMA;;;nao;;PB;sem_correspondencia
4321;CASTRO NETO;220699;;nao;PI;PI;
4322;CELIA XAKRIABA;206018;;nao;MG;MG;
3934;CELINA LEAO;;;nao;;DF;sem_correspondencia
3935;CELIO MOURA;;;nao;;TO;sem_correspondencia
3070;CELIO SILVEIRA;178876;;nao;GO;GO;
3936;CELIO STUDART;204488;;nao;CE;CE;
3551;CELSO JACOB;;;nao;;RJ;sem_correspondencia
2569;CELSO MALDANER;;;nao;;SC;sem_correspondencia
3071;CELSO PANSERA;;;nao;;RJ;sem_correspondencia
3160;CELSO RUSSOMANNO;73441;;nao;SP;SP;
3937;CELSO SABINO;204496;;nao;PA;PA;
2771;CESAR COLNAGO;;;nao;;ES;sem_correspondencia
2690;CESAR HALUM;;;nao;;TO;sem_correspondencia
3072;CESAR MESSIAS;;;nao;;AC;sem_correspondencia
1881;CESAR SOUZA;;;nao;;SC;sem_correspondencia
1964;CEZAR SILVESTRI;;;nao;;PR;sem_correspondencia
3938;CEZINHA DE MADUREIRA;204504;;nao;SP;SP;
3939;CHARLES FERNANDES;205476;;nao;BA;BA;
3940;CHARLLES EVANGELISTA;;;nao;;MG;sem_correspondencia
1468;CHICO ALENCAR;74171;;nao;RJ;RJ;
2497;CHICO D'ANGELO;;;nao;;RJ;sem_correspondencia
2497;CHICO DANGELO;;;nao;;RJ;sem_correspondencia
2669;CHICO DAS VERDURAS;;;nao;;RR;sem_correspondencia
2437;CHICO LOPES;;;nao;;CE;sem_correspondencia
4143;CHICO RODRIGUES;;470;nao;RR;RR;
3941;CHIQUINHO BRAZAO;204476;;nao;RJ;RJ;
3942;CHRIS TONIETTO;204462;;nao;RJ;RJ;
3073;CHRISTIANE DE SOUZA YARED;;;nao;;PR;sem_correspondencia
3943;CHRISTINO AUREO;;;nao;;RJ;sem_correspondencia
3074;CICERO ALMEIDA;;;nao;;AL;sem_correspondencia
2377;CICERO LUCENA;;;nao;;PB;sem_correspondencia
4081;CID GOMES;;5973;nao;CE;CE;
2878;CIDA BORGHETTI;;;nao;;PR;sem_correspondencia
2968;CIDINHO SANTOS;;;nao;;MT;sem_correspondencia
2900;CIRO NOGUEIRA;;739;nao;PI;PI;
3075;CLARISSA GAROTINHO;;;nao;;RJ;sem_correspondencia
4323;CLARISSA TERCIO;220665;;nao;PE;PE;
3166;CLAUDIO CAJADO;74537;;nao;BA;BA;
2679;CLAUDIO PUTY;;;nao;;PA;sem_correspondencia
2388;CLEBER VERDE;141408;;nao;MA;MA;
4267;CLEITINHO;;6337;nao;MG;MG;
4324;CLODOALDO MAGALHAES;88256;;nao;PE;PE;
4325;COBALCHINI;98148;;nao;SC;SC;
3076;CONCEICAO SAMPAIO;;;nao;;AM;sem_correspondencia
4092;CONFUCIO MOURA;;475;nao;RO;RO;
3944;CORONEL ARMANDO;204376;;nao;SC;SC;
4326;CORONEL ASSIS;220594;;nao;MT;MT;
3945;CORONEL CHRISOSTOMO;204378;;nao;RO;RO;
4327;CORONEL FERNANDA;220595;;nao;MT;MT;
4328;CORONEL MEIRA;220666;;nao;PE;PE;
3946;CORONEL TADEU;204514;;nao;SP;SP;
4329;CORONEL TELHADA;222142;;nao;SP;SP;
4330;CORONEL ULYSSES;220590;;nao;AC;AC;
3077;COVATTI FILHO;178963;;nao;RS;RS;
3078;CRISTIANE BRASIL;;;nao;;RJ;sem_correspondencia
4331;CRISTIANE LOPES;220608;;nao;RO;RO;
3947;CRISTIANO VALE;;;nao;;PA;sem_correspondencia
2069;CRISTOVAM BUARQUE;;;nao;;DF;sem_correspondencia
2891;CYRO MIRANDA;;;nao;;GO;sem_correspondencia
3948;DA VITORIA;204355;;nao;ES;ES;
2170;DAGOBERTO;;;nao;;MS;sem_correspondencia
2170;DAGOBERTO NOGUEIRA;141411;;nao;MS;MS;
4332;DAIANA SANTOS;220555;;nao;RS;RS;
4333;DAL BARRETO;220692;;nao;BA;BA;
3824;DALIRIO BEBER;;;nao;;SC;sem_correspondencia
2410;DALVA FIGUEIREDO;;;nao;;AP;sem_correspondencia
4268;DAMARES ALVES;;6335;nao;DF;DF;
3530;DAMIAO FELICIANO;74467;;nao;PB;PB;
3079;DAMINA PEREIRA;;;nao;;MG;sem_correspondencia
4334;DANDARA;220629;;nao;MG;MG;
4335;DANI CUNHA;220603;;nao;RJ;RJ;
4336;DANIEL AGROBOM;220571;;nao;GO;GO;
1339;DANIEL ALMEIDA;74060;;nao;BA;BA;
4337;DANIEL BARBOSA;220582;;nao;AL;AL;
3080;DANIEL COELHO;;;nao;;PE;sem_correspondencia
3949;DANIEL FREITAS;204367;;nao;SC;SC;
3950;DANIEL SILVEIRA;;;nao;;RJ;sem_correspondencia
3951;DANIEL TRZECIAK;204409;;nao;RS;RS;
3081;DANIEL VILELA;;;nao;;GO;sem_correspondencia
3952;DANIELA DO WAGUINHO;204459;;nao;RJ;RJ;
4339;DANIELA REINEHR;220557;;nao;SC;SC;
4141;DANIELLA RIBEIRO;;5998;nao;PB;PB;
2719;DANILO CABRAL;;;nao;;PE;sem_correspondencia
2700;DANILO FORTE;62881;;nao;CE;CE;
2861;DANRLEI DE DEUS HINTERHOLZ;160552;;nao;RS;RS;
3953;DARCI DE MATOS;116379;;nao;SC;SC;
3173;DARCISIO PERONDI;;;nao;;RS;sem_correspondencia
3786;DARIO BERGER;;;nao;;SC;sem_correspondencia
1130;DAVI ALCOLUMBRE;;3830;nao;AP;AP;
3787;DAVI ALCOLUMBRE;;3830;nao;AP;AP;
3174;DAVI ALVES SILVA JUNIOR;;;nao;;MA;sem_correspondencia
3954;DAVID MIRANDA;;;nao;;RJ;sem_correspondencia
3955;DAVID SOARES;204511;;nao;SP;SP;
3812;DAVIDSON MAGALHAES;;;nao;;BA;sem_correspondencia
4340;DAYANY BITTENCOURT;220659;;nao;CE;CE;
3850;DECA;;;nao;;PB;sem_correspondencia
2570;DECIO LIMA;;;nao;;SC;sem_correspondencia
4341;DEFENSOR STELIO DENER;220539;;nao;RR;RR;
3862;DEJORGE PATRICIO;;;nao;;RJ;sem_correspondencia
2042;DELCIDIO DO AMARAL;;;nao;;MS;sem_correspondencia
4342;DELEGADA ADRIANA ACCORSI;220565;;nao;GO;GO;
4343;DELEGADA IONE;220625;;nao;MG;MG;
4344;DELEGADA KATARINA;220561;;nao;SE;SE;
3956;DELEGADO ANTONIO FURTADO;;;nao;;RJ;sem_correspondencia
4289;DELEGADO BRUNO LIMA;220642;;nao;SP;SP;
4345;DELEGADO CAVEIRA;220673;;nao;PA;PA;
4346;DELEGADO DA CUNHA;220649;;nao;SP;SP;
3082;DELEGADO EDER MAURO;178908;;nao;PA;PA;
3083;DELEGADO EDSON MOREIRA;;;nao;;MG;sem_correspondencia
4347;DELEGADO FABIO COSTA;220583;;nao;AL;AL;
2842;DELEGADO FRANCISCHINI;;;nao;;PR;sem_correspondencia
3957;DELEGADO MARCELO FREITAS;204512;;nao;MG;MG;
4348;DELEGADO MATHEUS LAIOLA;220701;;nao;PR;PR;
3958;DELEGADO PABLO;;;nao;;AM;sem_correspondencia
4349;DELEGADO PALUMBO;220652;;nao;SP;SP;
4350;DELEGADO PAULO BILYNSKYJ;220654;;nao;SP;SP;
2798;DELEGADO PROTOGENES;;;nao;;SP;sem_correspondencia
4351;DELEGADO RAMAGEM;220619;;nao;RJ;RJ;
2927;DELEGADO WALDIR;;;nao;;GO;sem_correspondencia
1473;DELEY;;;nao;;RJ;sem_correspondencia
3959;DENIS BEZERRA;;;nao;;CE;sem_correspondencia
4353;DENISE PESSOA;220553;;nao;RS;RS;
4212;DEP. JOSIVALDO JP;;;nao;;MA;sem_correspondencia
1651;DEP. ROSEANA SARNEY;;;nao;;MA;sem_correspondencia
4354;DETINHA;220689;;nao;MA;MA;
1531;DEVANIR RIBEIRO;;;nao;;SP;sem_correspondencia
2754;DIEGO ANDRADE;160588;;nao;MG;MG;
4355;DIEGO CORONEL;220691;;nao;BA;BA;
3084;DIEGO GARCIA;178929;;nao;PR;PR;
3176;DILCEU SPERAFICO;73768;;nao;PR;PR;
4356;DILVANDA FARO;220671;;nao;PA;PA;
2755;DIMAS FABIANO;160599;;nao;MG;MG;
4357;DIMAS GADELHA;220602;;nao;RJ;RJ;
3179;DOMINGOS DUTRA;;;nao;;MA;sem_correspondencia
2701;DOMINGOS NETO;143632;;nao;CE;CE;
2756;DOMINGOS SAVIO;160758;;nao;MG;MG;
3817;DONIZETI NOGUEIRA;;;nao;;TO;sem_correspondencia
4358;DORINALDO MALAFAIA;220573;;nao;AP;AP;
2995;DOUGLAS CINTRA;;;nao;;PE;sem_correspondencia
3963;DOUTOR LUIZINHO;204450;;nao;RJ;RJ;
2499;DR. ADILSON SOARES;;;nao;;RJ;sem_correspondencia
4511;DR. ALLAN GARCES;226708;;nao;MA;MA;
4359;DR. BENJAMIM;221339;;nao;MA;MA;
4338;DR. DANIEL SORANZ;220614;;nao;RJ;RJ;
4360;DR. FERNANDO MAXIMO;220610;;nao;RO;RO;
4351;DR. FLAVIO (EX-PARLAMENTAR DELEGADO RAMAGEM, NOS TERMOS DA DECISAO ADPF 854, DE 03;;;nao;;RJ;sem_correspondencia
4361;DR. FRANCISCO;220688;;nao;PI;PI;
3960;DR. FREDERICO;204518;;nao;MG;MG;
4216;DR. GONCALO;212625;;nao;MA;MA;
2757;DR. GRILO;;;nao;;MG;sem_correspondencia
4269;DR. HIRAN;;5793;nao;RR;RR;
4393;DR. ISMAEL ALEXANDRINO;220570;;nao;GO;GO;
3961;DR. JAZIEL;204481;;nao;CE;CE;
3085;DR. JOAO;;;nao;;RJ;sem_correspondencia
2772;DR. JORGE SILVA;;;nao;;ES;sem_correspondencia
3962;DR. LEONARDO;;;nao;;MT;sem_correspondencia
3963;DR. LUIZ ANTONIO TEIXEIRA JR.;;;nao;;RJ;sem_correspondencia
3279;DR. LUIZ FERNANDO;;;nao;;AM;sem_correspondencia
3964;DR. LUIZ OVANDO;204351;;nao;MS;MS;
3645;DR. ROSINHA;;;nao;;PR;sem_correspondencia
3026;DR. SINVAL MALHEIROS;;;nao;;SP;sem_correspondencia
2524;DR. UBIALI;;;nao;;SP;sem_correspondencia
4362;DR. VICTOR LINHALIS;220528;;nao;ES;ES;
3965;DR. ZACHARIAS CALIL;204412;;nao;GO;GO;
4363;DRA. ALESSANDRA HABER;220674;;nao;PA;PA;
4239;DRA. EUDOCIA;;5906;nao;AL;AL;
4543;DRA. MAYRA PINHEIRO;230088;;nao;CE;CE;
3966;DRA. SORAYA MANATO;;;nao;;ES;sem_correspondencia
3967;DRA. VANDA MILANI;;;nao;;AC;sem_correspondencia
4364;DUARTE JR.;220686;;nao;MA;MA;
2183;DUARTE NOGUEIRA;;;nao;;SP;sem_correspondencia
4365;DUDA RAMOS;220540;;nao;RR;RR;
4366;DUDA SALABERT;220623;;nao;MG;MG;
2680;DUDIMAR PAXIUBA;;;nao;;PA;sem_correspondencia
3086;DULCE MIRANDA;;;nao;;TO;sem_correspondencia
3968;EDILAZIO JUNIOR;;;nao;;MA;sem_correspondencia
3182;EDINHO ARAUJO;;;nao;;SP;sem_correspondencia
3183;EDINHO BEZ;;;nao;;SC;sem_correspondencia
2370;EDIO LOPES;;;nao;;RR;sem_correspondencia
2254;EDISON LOBAO;;;nao;;MA;sem_correspondencia
2841;EDMAR ARRUDA;;;nao;;PR;sem_correspondencia
3087;EDMILSON RODRIGUES;;;nao;;PA;sem_correspondencia
3969;EDNA HENRIQUE;;;nao;;PB;sem_correspondencia
2525;EDSON APARECIDO;;;nao;;SP;sem_correspondencia
3184;EDSON EZEQUIEL;;;nao;;RJ;sem_correspondencia
2740;EDSON PIMENTA;;;nao;;BA;sem_correspondencia
2501;EDSON SANTOS;;;nao;;RJ;sem_correspondencia
3394;EDSON SILVA;;;nao;;CE;sem_correspondencia
2908;EDUARDO AMORIM;;;nao;;SE;sem_correspondencia
3186;EDUARDO BARBOSA;;;nao;;MG;sem_correspondencia
3970;EDUARDO BISMARCK;204541;;nao;CE;CE;
3088;EDUARDO BOLSONARO;92346;;nao;SP;SP;
2909;EDUARDO BRAGA;;4994;nao;AM;AM;
3971;EDUARDO BRAIDE;;;nao;;MA;sem_correspondencia
3972;EDUARDO COSTA;;;nao;;PA;sem_correspondencia
1492;EDUARDO CUNHA;;;nao;;RJ;sem_correspondencia
3089;EDUARDO CURY;;;nao;;SP;sem_correspondencia
2456;EDUARDO DA FONTE;141421;;nao;PE;PE;
4138;EDUARDO GIRAO;;;nao;;CE;sem_correspondencia
1201;EDUARDO GOMES;;3777;nao;TO;TO;
4186;EDUARDO GOMES;;3777;nao;TO;TO;
2955;EDUARDO LOPES;;;nao;;RJ;sem_correspondencia
1967;EDUARDO SCIARRA;;;nao;;PR;sem_correspondencia
2211;EDUARDO SUPLICY;;;nao;;SP;sem_correspondencia
4499;EDUARDO VELLOSO;220589;;nao;AC;AC;
2449;EFRAIM FILHO;;4642;nao;PB;PB;
4270;EFRAIM FILHO;;4642;nao;PB;PB;
3188;ELCIONE BARBALHO;74075;;nao;PA;PA;
2625;ELEUSES PAIVA;;;nao;;SP;sem_correspondencia
3973;ELI BORGES;204364;;nao;TO;TO;
2799;ELI CORREA FILHO;;;nao;;SP;sem_correspondencia
4228;ELIANE NOGUEIRA;;;nao;;PI;sem_correspondencia
3974;ELIAS VAZ;;;nao;;GO;sem_correspondencia
2548;ELIENE LIMA;;;nao;;MT;sem_correspondencia
3403;ELISEU PADILHA;;;nao;;RS;sem_correspondencia
3816;ELIZEU DIONIZIO;;;nao;;MS;sem_correspondencia
3090;ELIZIANE GAMA;;5718;nao;MA;MA;
4139;ELIZIANE GAMA;;5718;nao;MA;MA;
3788;ELMANO FERRER;234406;;nao;PI;PI;
3091;ELMAR NASCIMENTO;178854;;nao;BA;BA;
4229;ELY SANTOS;218086;;nao;SP;SP;
3404;EMANUEL FERNANDES;;;nao;;SP;sem_correspondencia
3975;EMANUEL PINHEIRO NETO;198783;;nao;MT;MT;
3976;EMIDINHO MADEIRA;161550;;nao;MG;MG;
2627;EMILIANO JOSE;;;nao;;BA;sem_correspondencia
4098;ENEIAS REIS;;;nao;;MG;sem_correspondencia
4550;ENFERMEIRA REJANE;230765;;nao;RJ;RJ;
4489;ENFERMEIRA REJANE (EX-PARLAMENTAR WASHINGTON QUAQUA, NOS TERMOS ART. 78 LDO 2025 E DA MENSAGEM 95-CN, DE 06.11.25);;;nao;;RJ;sem_correspondencia
3195;ENIO BACCI;;;nao;;RS;sem_correspondencia
3092;ENIO VERRI;132504;;nao;PR;PR;
3977;ENRICO MISASI;;;nao;;SP;sem_correspondencia
2194;EPITACIO CAFETEIRA;;;nao;;MA;sem_correspondencia
4367;ERIBERTO MEDEIROS;220663;;nao;PE;PE;
4368;ERIKA HILTON;220645;;nao;SP;SP;
2826;ERIKA KOKAY;160575;;nao;DF;DF;
2741;ERIVELTON SANTANA;;;nao;;BA;sem_correspondencia
2980;ERON BEZERRA;;;nao;;AM;sem_correspondencia
2759;EROS BIONDINI;160640;;nao;MG;MG;
2210;ESPERIDIAO AMIN;;22;nao;SC;SC;
2850;ESPERIDIAO AMIN;;22;nao;SC;SC;
3978;EUCLYDES PETTERSEN;204482;;nao;MG;MG;
2389;EUDES XAVIER;;;nao;;CE;sem_correspondencia
2894;EUNICIO OLIVEIRA;74454;;nao;CE;CE;
3520;EUNICIO OLIVEIRA;74454;;nao;CE;CE;
2977;EURICO JUNIOR;;;nao;;RJ;sem_correspondencia
3093;EVAIR DE MELO;;;nao;;ES;sem_correspondencia
3093;EVAIR VIEIRA DE MELO;178871;;nao;ES;ES;
3094;EVANDRO GUSSI;;;nao;;SP;sem_correspondencia
3485;EVANDRO MILHOMEN;;;nao;;AP;sem_correspondencia
3095;EVANDRO ROMAN;;;nao;;PR;sem_correspondencia
3096;EXPEDITO NETTO;;;nao;;RO;sem_correspondencia
3097;EZEQUIEL FONSECA;;;nao;;MT;sem_correspondencia
3098;EZEQUIEL TEIXEIRA;;;nao;;RJ;sem_correspondencia
4180;FABIANO CONTARATO;;5953;nao;ES;ES;
4194;FABIANO GALLETTI TOLENTINO;;;nao;;MG;sem_correspondencia
3099;FABIANO HORTA;;;nao;;RJ;sem_correspondencia
2409;FABIO FARIA;;;nao;;RN;sem_correspondencia
3101;FABIO GARCIA;178905;;nao;MT;MT;
3979;FABIO HENRIQUE;68720;;nao;SE;SE;
4369;FABIO MACEDO;220681;;nao;MA;MA;
3100;FABIO MITIDIERI;;;nao;;SE;sem_correspondencia
2368;FABIO RAMALHO;;;nao;;MG;sem_correspondencia
2979;FABIO REIS;171623;;nao;SE;SE;
3980;FABIO SCHIOCHET;204368;;nao;SC;SC;
3103;FABIO SOUSA;;;nao;;GO;sem_correspondencia
1346;FABIO SOUTO;;;nao;;BA;sem_correspondencia
4370;FABIO TERUEL;220653;;nao;SP;SP;
2836;FABIO TRAD;;;nao;;MS;sem_correspondencia
3825;FABRICIO OLIVEIRA;;;nao;;SC;sem_correspondencia
1255;FATIMA BEZERRA;;;nao;;RN;sem_correspondencia
3806;FATIMA BEZERRA;;;nao;;RN;sem_correspondencia
1907;FATIMA PELAES;74065;;nao;AP;AP;
4559;FATIMA PELAES;74065;;nao;AP;AP;
4371;FAUSTO JR.;220712;;nao;AM;AM;
3134;FAUSTO PINATO;66828;;nao;SP;SP;
4371;FAUSTO SANTOS JR.;220712;;nao;AM;AM;
3981;FELICIO LATERCA;;;nao;;RJ;sem_correspondencia
4372;FELIPE BECARI;220646;;nao;SP;SP;
2502;FELIPE BORNIER;;;nao;;RJ;sem_correspondencia
3187;FELIPE CARRERAS;72442;;nao;PE;PE;
3982;FELIPE FRANCISCHINI;204398;;nao;PR;PR;
2448;FELIPE MAIA;;;nao;;RN;sem_correspondencia
3983;FELIPE RIGONI;;;nao;;ES;sem_correspondencia
2742;FELIX MENDONCA JUNIOR;160666;;nao;BA;BA;
3984;FERNANDA MELCHIONNA;204407;;nao;RS;RS;
4373;FERNANDA PESSOA;220656;;nao;CE;CE;
2579;FERNANDO AFFONSO COLLOR DE MELLO;;;nao;;AL;sem_correspondencia
3789;FERNANDO BEZERRA COELHO;;;nao;;PE;sem_correspondencia
2392;FERNANDO COELHO FILHO;141431;;nao;PE;PE;
2579;FERNANDO COLLOR;;;nao;;AL;sem_correspondencia
4252;FERNANDO DUEIRE;;5917;nao;PE;PE;
4285;FERNANDO FARIAS;;;nao;;AL;sem_correspondencia
3204;FERNANDO FERRO;;;nao;;PE;sem_correspondencia
2842;FERNANDO FRANCISCHINI;;;nao;;PR;sem_correspondencia
2923;FERNANDO JORDAO;;;nao;;RJ;sem_correspondencia
4374;FERNANDO MINEIRO;204445;;nao;RN;RN;
3813;FERNANDO MONTEIRO;92699;;nao;PE;PE;
3985;FERNANDO RODOLFO;204427;;nao;PE;PE;
2743;FERNANDO TORRES;;;nao;;BA;sem_correspondencia
3986;FILIPE BARROS;204411;;nao;PR;PR;
4375;FILIPE MARTINS;220545;;nao;TO;TO;
2503;FILIPE PEREIRA;;;nao;;RJ;sem_correspondencia
3987;FLAVIA ARRUDA;;;nao;;DF;sem_correspondencia
2833;FLAVIA MORAIS;160598;;nao;GO;GO;
2424;FLAVIANO MELO;;;nao;;AC;sem_correspondencia
3191;FLAVINHO;;;nao;;SP;sem_correspondencia
2038;FLAVIO ARNS;;345;nao;PR;PR;
9219;FLAVIO BOLSONARO;;5894;nao;RJ;RJ;
3827;FLAVIO NOGUEIRA;191923;;nao;PI;PI;
2091;FLEXA RIBEIRO;;;nao;;PA;sem_correspondencia
3988;FLORDELIS;;;nao;;RJ;sem_correspondencia
4376;FLORENTINO NETO;220700;;nao;PI;PI;
3208;FLORIANO PESARO;;;nao;;SP;sem_correspondencia
4377;FRANCIANE BAYER;220551;;nao;RS;RS;
2982;FRANCISCO CHAGAS;;;nao;;SP;sem_correspondencia
3214;FRANCISCO CHAPADINHA;;;nao;;PA;sem_correspondencia
2375;FRANCISCO DORNELLES;;;nao;;RJ;sem_correspondencia
2783;FRANCISCO FLORIANO;;;nao;;RJ;sem_correspondencia
3989;FRANCISCO JR.;;;nao;;GO;sem_correspondencia
2417;FRANCISCO PRACIANO;;;nao;;AM;sem_correspondencia
3990;FRANCO CARTAFINA;;;nao;;MG;sem_correspondencia
3820;FRANKLIN;;;nao;;MG;sem_correspondencia
3820;FRANKLIN LIMA;;;nao;;MG;sem_correspondencia
3991;FRED COSTA;204494;;nao;MG;MG;
4378;FRED LINHARES;;;nao;DF;GO;uf_divergente
3992;FREI ANASTACIO RIBEIRO;;;nao;;PB;sem_correspondencia
1592;FREIRE JUNIOR;;;nao;;TO;sem_correspondencia
2800;GABRIEL CHALITA;;;nao;;SP;sem_correspondencia
2760;GABRIEL GUIMARAES;;;nao;;MG;sem_correspondencia
4498;GABRIEL MOTA;224117;;nao;RR;RR;
4379;GABRIEL NUNES;220708;;nao;BA;BA;
2033;GARIBALDI ALVES FILHO;;;nao;;RN;sem_correspondencia
3463;GASTAO VIEIRA;;;nao;;MA;sem_correspondencia
3993;GELSON AZEVEDO;;;nao;;RJ;sem_correspondencia
2702;GENECIAS NORONHA;;;nao;;CE;sem_correspondencia
3994;GENERAL GIRAO;204473;;nao;RN;RN;
4380;GENERAL PAZUELLO;220611;;nao;RJ;RJ;
3995;GENERAL PETERNELLI;;;nao;;SP;sem_correspondencia
3996;GENINHO ZULIANI;;;nao;;SP;sem_correspondencia
2477;GEORGE HILTON;;;nao;;MG;sem_correspondencia
3235;GEOVANIA DE SA;178966;;nao;SC;SC;
2925;GEOVANIA DE SA (EX-PARLAMENTAR CARMEN ZANOTTO, NOS TERMOS ART. 78 LDO 2025 E DA MENSAGEM 95-CN, DE 06.11.25);;;nao;;SC;sem_correspondencia
4381;GERALDO MENDES;220702;;nao;PR;PR;
1445;GERALDO RESENDE;74374;;nao;MS;MS;
3557;GERALDO SIMOES;;;nao;;BA;sem_correspondencia
1394;GERALDO THADEU;;;nao;;MG;sem_correspondencia
4382;GERLEN DINIZ;220587;;nao;AC;AC;
3997;GERVASIO MAIA;204394;;nao;PB;PB;
1968;GIACOBO;74383;;nao;PR;PR;
3998;GIL CUTRIM;;;nao;;MA;sem_correspondencia
3999;GILBERTO ABRAMO;204491;;nao;MG;MG;
1568;GILBERTO NASCIMENTO;74270;;nao;SP;SP;
4383;GILSON DANIEL;220529;;nao;ES;ES;
9055;GILSON MARQUES;204365;;nao;SC;SC;
4384;GILVAN DA FEDERAL;220526;;nao;ES;ES;
4385;GILVAN MAXIMO;220531;;nao;DF;DF;
2590;GIM;;;nao;;GO;sem_correspondencia
4221;GIORDANO;;6008;nao;SP;SP;
2863;GIOVANI CHERINI;160673;;nao;RS;RS;
3240;GIOVANI FELTES;;;nao;;RS;sem_correspondencia
1607;GIOVANNI QUEIROZ;;;nao;;PA;sem_correspondencia
3257;GIUSEPPE VECCI;;;nao;;GO;sem_correspondencia
3878;GIVAGO TENORIO;;;nao;;AL;sem_correspondencia
3542;GIVALDO CARIMBAO;;;nao;;AL;sem_correspondencia
3264;GIVALDO VIEIRA;;;nao;;ES;sem_correspondencia
2401;GLADSON CAMELI;;;nao;;AC;sem_correspondencia
3790;GLADSON CAMELI;;;nao;;AC;sem_correspondencia
2616;GLAUBER BRAGA;152605;;nao;RJ;RJ;
4010;GLAUSTIN DA FOKUS;204419;;nao;GO;GO;
4010;GLAUSTIN FOKUS;;;nao;;GO;sem_correspondencia
2911;GLEISI HOFFMANN;107283;;nao;PR;PR;
4011;GLEISI HOFFMANN;107283;;nao;PR;PR;
1218;GONZAGA PATRIOTA;;;nao;;PE;sem_correspondencia
2070;GORETE PEREIRA;129618;;nao;CE;CE;
3283;GOULART;;;nao;;SP;sem_correspondencia
4100;GREYCE ELIAS;198197;;nao;MG;MG;
3882;GUARACY SILVEIRA;;;nao;;TO;sem_correspondencia
4012;GUIGA PEIXOTO;;;nao;;SP;sem_correspondencia
4386;GUILHERME BOULOS;220639;;nao;SP;SP;
2527;GUILHERME CAMPOS;;;nao;;SP;sem_correspondencia
9060;GUILHERME DERRITE;204531;;nao;SP;SP;
2801;GUILHERME MUSSI;;;nao;;SP;sem_correspondencia
4387;GUILHERME UCHOA;220664;;nao;PE;PE;
4013;GURGEL;;;nao;;RJ;sem_correspondencia
3646;GUSTAVO FRUET;;;nao;;PR;sem_correspondencia
4388;GUSTAVO GAYER;220568;;nao;GO;GO;
2991;GUSTAVO PETTA;;;nao;;SP;sem_correspondencia
4101;GUSTINHO RIBEIRO;204408;;nao;SE;SE;
4014;GUTEMBERG REIS;204456;;nao;RJ;RJ;
4271;HAMILTON MOURAO;;6341;nao;RS;RS;
4146;HAROLDO CATHEDRAL;;;nao;;RR;sem_correspondencia
9065;HEITOR FREIRE;;;nao;;CE;sem_correspondencia
3298;HEITOR SCHUCH;178964;;nao;RS;RS;
2990;HELCIO SILVA;;;nao;;SP;sem_correspondencia
3312;HELDER SALOMAO;178873;;nao;ES;ES;
4389;HELENA LIMA;220537;;nao;RR;RR;
4015;HELIO COSTA;;;nao;;SC;sem_correspondencia
3791;HELIO JOSE;;;nao;;DF;sem_correspondencia
3339;HELIO LEITE;178909;;nao;PA;PA;
4102;HELIO LOPES;204444;;nao;RJ;RJ;
2696;HELIO SANTOS;;;nao;;MA;sem_correspondencia
4390;HENDERSON PINTO;220672;;nao;PA;PA;
1181;HENRIQUE AFONSO;;;nao;;AC;sem_correspondencia
1193;HENRIQUE EDUARDO ALVES;;;nao;;RN;sem_correspondencia
3661;HENRIQUE FONTANA;;;nao;;RS;sem_correspondencia
2683;HENRIQUE OLIVEIRA;;;nao;;AM;sem_correspondencia
3218;HERACLITO FORTES;;;nao;;PI;sem_correspondencia
4016;HERCILIO COELHO DINIZ;204539;;nao;MG;MG;
3346;HERCULANO PASSOS;;;nao;;SP;sem_correspondencia
3220;HERMES PARCIANELLO;;;nao;;PR;sem_correspondencia
2834;HEULER CRUVINEL;;;nao;;GO;sem_correspondencia
3393;HILDO ROCHA;178884;;nao;MA;MA;
3396;HIRAN GONCALVES;;;nao;;RR;sem_correspondencia
3398;HISSA ABRAHAO;;;nao;;AM;sem_correspondencia
2397;HUGO LEAL;141450;;nao;RJ;RJ;
2712;HUGO MOTTA;160674;;nao;PB;PB;
2706;HUGO NAPOLEAO;;;nao;;PI;sem_correspondencia
2885;HUMBERTO COSTA;;5008;nao;PE;PE;
3606;IARA BERNARDI;;;nao;;SP;sem_correspondencia
4391;ICARO DE VALMIR;220563;;nao;SE;SE;
4147;IDILVAN ALENCAR;204533;;nao;CE;CE;
4017;IGOR KANNARIO;;;nao;;BA;sem_correspondencia
4148;IGOR TIMO;204508;;nao;MG;MG;
2357;INACIO ARRUDA;74295;;nao;CE;CE;
2505;INDIO DA COSTA;;;nao;;RJ;sem_correspondencia
1221;INOCENCIO OLIVEIRA;;;nao;;PE;sem_correspondencia
2707;IRACEMA PORTELLA;;;nao;;PI;sem_correspondencia
4096;IRAJA;;5385;nao;TO;TO;
2691;IRAJA ABREU;;;nao;;TO;sem_correspondencia
1412;IRINY LOPES;;;nao;;ES;sem_correspondencia
2364;IRIS DE ARAUJO;;;nao;;GO;sem_correspondencia
3487;IRMAO LAZARO;;;nao;;BA;sem_correspondencia
4392;ISMAEL;98615;;nao;SC;SC;
4393;ISMAEL ALEXANDRINO;220570;;nao;GO;GO;
4018;ISNALDO BULHOES JR.;204436;;nao;AL;AL;
3228;IVAN VALENTE;73531;;nao;SP;SP;
4251;IVETE DA SILVEIRA;;6010;nao;SC;SC;
2917;IVO CASSOL;;;nao;;RO;sem_correspondencia
4395;IVONEIDE CAETANO;220696;;nao;BA;BA;
2950;IVONETE DANTAS;;;nao;;RN;sem_correspondencia
4396;IZA ARRUDA;220670;;nao;PE;PE;
2363;IZALCI;;;nao;;DF;sem_correspondencia
2363;IZALCI LUCAS;;4770;nao;DF;DF;
4136;IZALCI LUCAS;;4770;nao;DF;DF;
4397;JACK ROCHA;220527;;nao;ES;ES;
2263;JADER BARBALHO;;35;nao;PA;PA;
4398;JADYEL ALENCAR;220697;;nao;PI;PI;
4272;JAIME BAGATTOLI;;6340;nao;RO;RO;
3230;JAIME MARTINS;;;nao;;MG;sem_correspondencia
1773;JAIR BOLSONARO;;;nao;;RJ;sem_correspondencia
2238;JAIRO ATAIDE;;;nao;;MG;sem_correspondencia
1775;JANDIRA FEGHALI;74848;;nao;RJ;RJ;
1135;JANETE CAPIBERIBE;;;nao;;AP;sem_correspondencia
2396;JANETE ROCHA PIETA;;;nao;;SP;sem_correspondencia
2744;JANIO NATAL;;;nao;;BA;sem_correspondencia
4149;JAQUELINE CASSOL;;;nao;;RO;sem_correspondencia
2827;JAQUELINE RORIZ;;;nao;;GO;sem_correspondencia
4080;JAQUES WAGNER;;581;nao;BA;BA;
2573;JARBAS VASCONCELOS;;;nao;;PE;sem_correspondencia
3808;JARBAS VASCONCELOS;;;nao;;PE;sem_correspondencia
2376;JAYME CAMPOS;;4531;nao;MT;MT;
3886;JEAN PAUL PRATES;;;nao;;RN;sem_correspondencia
2784;JEAN WYLLYS;;;nao;;RJ;sem_correspondencia
4399;JEFERSON RODRIGUES;220567;;nao;GO;GO;
1581;JEFFERSON CAMPOS;74273;;nao;SP;SP;
2864;JERONIMO GOERGEN;;;nao;;RS;sem_correspondencia
3640;JESSICA SALES;;;nao;;AC;sem_correspondencia
2708;JESUS RODRIGUES;;;nao;;PI;sem_correspondencia
4019;JESUS SERGIO;;;nao;;AC;sem_correspondencia
3684;JHC;;;nao;;AL;sem_correspondencia
2670;JHONATAN DE JESUS;160531;;nao;RR;RR;
2528;JILMAR TATTO;141456;;nao;SP;SP;
2478;JO MORAES;;;nao;;MG;sem_correspondencia
2324;JOAO ALBERTO SOUZA;;;nao;;MA;sem_correspondencia
2703;JOAO ANANIAS;;;nao;;CE;sem_correspondencia
2843;JOAO ARRUDA;;;nao;;PR;sem_correspondencia
1313;JOAO BOSCO DA COSTA;;;nao;;SE;sem_correspondencia
1955;JOAO CAMPOS;;;nao;;GO;sem_correspondencia
2047;JOAO CAPIBERIBE;;;nao;;AP;sem_correspondencia
1270;JOAO CARLOS BACELAR;141458;;nao;BA;BA;
3508;JOAO CASTELO;;;nao;;MA;sem_correspondencia
4551;JOAO CURY;230957;;nao;SP;SP;
3597;JOAO CURY NETO (EX-PARLAMENTAR ALBERTO MOURAO, NOS TERMOS ART. 78 LDO 2025 E DA MENSAGEM 95-CN, DE 06.11.25);;;nao;;SP;sem_correspondencia
9041;JOAO DADO;;;nao;;SP;sem_correspondencia
3691;JOAO DANIEL;178970;;nao;SE;SE;
3685;JOAO DERLY;;;nao;;RS;sem_correspondencia
2379;JOAO DURVAL;;;nao;;BA;sem_correspondencia
3686;JOAO FERNANDO COUTINHO;;;nao;;PE;sem_correspondencia
3687;JOAO GUALBERTO;;;nao;;BA;sem_correspondencia
4150;JOAO H. CAMPOS;;;nao;;PE;sem_correspondencia
3239;JOAO LEAO;74550;;nao;BA;BA;
1303;JOAO LYRA;;;nao;;AL;sem_correspondencia
3408;JOAO MAGALHAES;;;nao;;MG;sem_correspondencia
2446;JOAO MAIA;141459;;nao;RN;RN;
3688;JOAO MARCELO SOUZA;;;nao;;MA;sem_correspondencia
3689;JOAO PAULO KLEINUBING;;;nao;;SC;sem_correspondencia
2720;JOAO PAULO LIMA;;;nao;;PE;sem_correspondencia
3690;JOAO PAULO PAPA;;;nao;;SP;sem_correspondencia
3242;JOAO PIZZOLATTI;;;nao;;SC;sem_correspondencia
2851;JOAO RODRIGUES;;;nao;;SC;sem_correspondencia
4020;JOAO ROMA;;;nao;;BA;sem_correspondencia
2378;JOAO VICENTE CLAUDINO;;;nao;;PI;sem_correspondencia
3692;JOAQUIM PASSARINHO;178910;;nao;PA;PA;
4151;JOENIA WAPICHANA;;;nao;;RR;sem_correspondencia
4021;JOICE HASSELMANN;;;nao;;SP;sem_correspondencia
2802;JONAS DONIZETTE;160548;;nao;SP;SP;
3841;JONES MARTINS;;;nao;;RS;sem_correspondencia
4226;JONES MOURA;217480;;nao;RJ;RJ;
3693;JONY MARCOS;;;nao;;SE;sem_correspondencia
9022;JORGE BITTAR;;;nao;;RJ;sem_correspondencia
1973;JORGE BOEIRA;;;nao;;SC;sem_correspondencia
4152;JORGE BRAZ;205550;;nao;RJ;RJ;
2721;JORGE CORTE REAL;;;nao;;PE;sem_correspondencia
4209;JORGE GOETTEN;214694;;nao;SC;SC;
9206;JORGE KAJURU;;5895;nao;GO;GO;
4273;JORGE SEIF;;6342;nao;SC;SC;
3694;JORGE SOLLA;178857;;nao;BA;BA;
1808;JORGE TADEU MUDALEN;;;nao;;SP;sem_correspondencia
2913;JORGE VIANA;;;nao;;AC;sem_correspondencia
2852;JORGINHO MELLO;;;nao;;SC;sem_correspondencia
4185;JORGINHO MELLO;;;nao;;SC;sem_correspondencia
2123;JOSE AGRIPINO;;;nao;;RN;sem_correspondencia
2441;JOSE AIRTON;;;nao;;CE;sem_correspondencia
2441;JOSE AIRTON CIRILO;;;nao;;CE;sem_correspondencia
2441;JOSE AIRTON FELIX CIRILO;141464;;nao;CE;CE;
1048;JOSE ANIBAL;;;nao;;SP;sem_correspondencia
2722;JOSE AUGUSTO MAIA;;;nao;;PE;sem_correspondencia
1718;JOSE CARLOS ALELUIA;;;nao;;BA;sem_correspondencia
1355;JOSE CARLOS ARAUJO;74140;;nao;BA;BA;
2172;JOSE FOGACA;;;nao;;RS;sem_correspondencia
2442;JOSE GUIMARAES;141470;;nao;CE;CE;
2661;JOSE HUMBERTO;;;nao;;MG;sem_correspondencia
1658;JOSE LINHARES;;;nao;;CE;sem_correspondencia
2028;JOSE MARANHAO;;;nao;;PB;sem_correspondencia
3894;JOSE MARIO SCHREINER;;;nao;;GO;sem_correspondencia
3792;JOSE MEDEIROS;204472;;nao;MT;MT;
4153;JOSE MEDEIROS;204472;;nao;MT;MT;
1593;JOSE MENTOR;;;nao;;SP;sem_correspondencia
4023;JOSE NELTO;204391;;nao;GO;GO;
2745;JOSE NUNES;;;nao;;BA;sem_correspondencia
1117;JOSE OTAVIO GERMANO;;;nao;;RS;sem_correspondencia
2895;JOSE PIMENTEL;;;nao;;CE;sem_correspondencia
3260;JOSE PRIANTE;74079;;nao;PA;PA;
1646;JOSE REINALDO;;;nao;;MA;sem_correspondencia
4109;JOSE RICARDO;;;nao;;AM;sem_correspondencia
3262;JOSE ROCHA;74554;;nao;BA;BA;
2182;JOSE SARNEY;;;nao;;AP;sem_correspondencia
2295;JOSE SERRA;;;nao;;SP;sem_correspondencia
2865;JOSE STEDILE;;;nao;;RS;sem_correspondencia
4190;JOSEILDO RAMOS;209189;;nao;BA;BA;
4400;JOSENILDO;220578;;nao;AP;AP;
3695;JOSI NUNES;;;nao;;TO;sem_correspondencia
1362;JOSIAS GOMES;74141;;nao;BA;BA;
4024;JOSIMAR MARANHAOZINHO;204563;;nao;MA;MA;
4212;JOSIVALDO JP;215043;;nao;MA;MA;
3491;JOSUE BENGTSON;;;nao;;PA;sem_correspondencia
3265;JOVAIR ARANTES;;;nao;;GO;sem_correspondencia
3696;JOZI ARAUJO;;;nao;;AP;sem_correspondencia
4154;JUAREZ COSTA;204474;;nao;MT;MT;
4085;JUIZA SELMA;;;nao;;MT;sem_correspondencia
3697;JULIA MARINHO;;;nao;;PA;sem_correspondencia
4401;JULIA ZANATTA;220559;;nao;SC;SC;
4025;JULIAN LEMOS;;;nao;;PB;sem_correspondencia
4402;JULIANA CARDOSO;220640;;nao;SP;SP;
2436;JULIAO AMIN;;;nao;;MA;sem_correspondencia
4403;JULIO ARCOVERDE;66385;;nao;PI;PI;
2822;JULIO CAMPOS;;;nao;;MT;sem_correspondencia
1246;JULIO CESAR;74317;;nao;PI;PI;
4110;JULIO CESAR RIBEIRO;204372;;nao;DF;DF;
3682;JULIO DELGADO;;;nao;;MG;sem_correspondencia
1504;JULIO LOPES;74253;;nao;RJ;RJ;
4250;JULIO VENTURA;;;nao;;CE;sem_correspondencia
4026;JUNINHO DO PNEU;204457;;nao;RJ;RJ;
3924;JUNIO AMARAL;204520;;nao;MG;MG;
9089;JUNIOR BOZZELLA;;;nao;;SP;sem_correspondencia
2692;JUNIOR COIMBRA;;;nao;;TO;sem_correspondencia
4027;JUNIOR FERRARI;204497;;nao;PA;PA;
4111;JUNIOR LOURENCO;204574;;nao;MA;MA;
4028;JUNIOR MANO;204550;;nao;CE;CE;
3698;JUNIOR MARRECA;;;nao;;MA;sem_correspondencia
2804;JUNJI ABE;;;nao;;SP;sem_correspondencia
3699;JUSCELINO FILHO;178886;;nao;MA;MA;
4496;JUSSARA LIMA;;6369;nao;PI;PI;
3477;JUTAHY JUNIOR;;;nao;;BA;sem_correspondencia
3700;KAIO MANICOBA;;;nao;;PE;sem_correspondencia
2359;KATIA ABREU;;;nao;;TO;sem_correspondencia
2805;KEIKO OTA;;;nao;;SP;sem_correspondencia
4404;KENISTON BRAGA;220677;;nao;PA;PA;
4405;KIKO CELEGUIM;162067;;nao;SP;SP;
4155;KIM KATAGUIRI;204536;;nao;SP;SP;
1371;LAEL VARELLA;;;nao;;MG;sem_correspondencia
2608;LAERCIO OLIVEIRA;;4811;nao;SE;SE;
4274;LAERCIO OLIVEIRA;;4811;nao;SE;SE;
2551;LAERTE BESSA;;;nao;;DF;sem_correspondencia
4029;LAFAYETTE DE ANDRADA;98057;;nao;MG;MG;
3793;LASIER MARTINS;;;nao;;RS;sem_correspondencia
3701;LAUDIVIO CARVALHO;;;nao;;MG;sem_correspondencia
3268;LAURA CARNEIRO;74856;;nao;RJ;RJ;
2773;LAURIETE;;;nao;;ES;sem_correspondencia
2429;LAZARO BOTELHO;141480;;nao;TO;TO;
3702;LEANDRE;178832;;nao;PR;PR;
1956;LEANDRO VILELA;;;nao;;GO;sem_correspondencia
4406;LEBRAO;220600;;nao;RO;RO;
4407;LEDA BORGES;220566;;nao;GO;GO;
4112;LEDA SADALA;;;nao;;AP;sem_correspondencia
4082;LEILA BARROS;;;nao;;DF;sem_correspondencia
2491;LELO COIMBRA;;;nao;;ES;sem_correspondencia
4553;LENIR DE ASSIS;231911;;nao;PR;PR;
3703;LEO DE BRITO;;;nao;;AC;sem_correspondencia
4030;LEO MORAES;;;nao;;RO;sem_correspondencia
4156;LEO MOTTA;;;nao;;MG;sem_correspondencia
4408;LEO PRATES;80815;;nao;BA;BA;
1403;LEONARDO MONTEIRO;74156;;nao;MG;MG;
1508;LEONARDO PICCIANI;;;nao;;RJ;sem_correspondencia
2481;LEONARDO QUINTAO;;;nao;;MG;sem_correspondencia
3270;LEONIDAS CRISTINO;74299;;nao;CE;CE;
2844;LEOPOLDO MEYER;;;nao;;PR;sem_correspondencia
4031;LEUR LOMANTO JUNIOR;92102;;nao;BA;BA;
2468;LIDICE DA MATA;139285;;nao;BA;BA;
2879;LIDICE DA MATA;139285;;nao;BA;BA;
2785;LILIAM SA;;;nao;;RJ;sem_correspondencia
3595;LINCOLN PORTELA;74585;;nao;MG;MG;
2881;LINDBERGH FARIAS;74858;;nao;RJ;RJ;
3273;LINDBERGH FARIAS;74858;;nao;RJ;RJ;
2420;LINDOMAR GARCON;;;nao;;RO;sem_correspondencia
2413;LIRA MAIA;;;nao;;PA;sem_correspondencia
4113;LIZIANE BAYER;;;nao;;RS;sem_correspondencia
2598;LOBAO FILHO;;;nao;;MA;sem_correspondencia
1599;LOBBE NETO;;;nao;;SP;sem_correspondencia
4032;LOESTER TRUTIS;;;nao;;MS;sem_correspondencia
3861;LOURIVAL GOMES;;;nao;;RJ;sem_correspondencia
2697;LOURIVAL MENDES;;;nao;;MA;sem_correspondencia
3856;LUANA COSTA;;;nao;;MA;sem_correspondencia
4079;LUCAS BARRETO;;5926;nao;AP;AP;
4157;LUCAS GONZALEZ;;;nao;;MG;sem_correspondencia
4409;LUCAS RAMOS;220662;;nao;PE;PE;
4033;LUCAS REDECKER;204404;;nao;RS;RS;
3704;LUCAS VERGILIO;;;nao;;GO;sem_correspondencia
1886;LUCI CHOINACKI;;;nao;;SC;sem_correspondencia
2021;LUCIA VANIA;;;nao;;GO;sem_correspondencia
2723;LUCIANA SANTOS;;;nao;;PE;sem_correspondencia
4410;LUCIANO AMARAL;220581;;nao;AL;AL;
3539;LUCIANO BIVAR;74478;;nao;PE;PE;
1051;LUCIANO CASTRO;;;nao;;RR;sem_correspondencia
3705;LUCIANO DUCCI;178931;;nao;PR;PR;
4411;LUCIANO VIEIRA;220616;;nao;RJ;RJ;
3706;LUCIO MOSQUINI;178954;;nao;RO;RO;
2385;LUCIO VALE;;;nao;;PA;sem_correspondencia
2746;LUCIO VIEIRA LIMA;;;nao;;BA;sem_correspondencia
3662;LUIS CARLOS HEINZE;;1186;nao;RS;RS;
4184;LUIS CARLOS HEINZE;;1186;nao;RS;RS;
9103;LUIS MIRANDA;;;nao;;DF;sem_correspondencia
2762;LUIS TIBE;160510;;nao;MG;MG;
4034;LUISA CANZIANI;204410;;nao;PR;PR;
3459;LUIZ ALBERTO;;;nao;;BA;sem_correspondencia
4114;LUIZ ANTONIO CORREA;204448;;nao;RJ;RJ;
2747;LUIZ ARGOLO;;;nao;;BA;sem_correspondencia
2674;LUIZ CARLOS;;;nao;;AP;sem_correspondencia
2407;LUIZ CARLOS BUSATO;141485;;nao;RS;RS;
4099;LUIZ CARLOS DO CARMO;;;nao;;GO;sem_correspondencia
1867;LUIZ CARLOS HAULY;73778;;nao;PR;PR;
4035;LUIZ CARLOS MOTTA;204485;;nao;SP;SP;
3707;LUIZ CARLOS RAMOS;;;nao;;RJ;sem_correspondencia
3708;LUIZ CLAUDIO;;;nao;;RO;sem_correspondencia
1271;LUIZ COUTO;74041;;nao;PB;PB;
2974;LUIZ DE DEUS;;;nao;;BA;sem_correspondencia
4099;LUIZ DO CARMO;;;nao;;GO;sem_correspondencia
2482;LUIZ FERNANDO FARIA;141487;;nao;MG;MG;
2806;LUIZ FERNANDO MACHADO;;;nao;;SP;sem_correspondencia
4127;LUIZ FLAVIO GOMES;;;nao;;SP;sem_correspondencia
4413;LUIZ GASTAO;220658;;nao;CE;CE;
2905;LUIZ HENRIQUE;;;nao;;SC;sem_correspondencia
3709;LUIZ LAURO FILHO;;;nao;;SP;sem_correspondencia
4158;LUIZ LIMA;204455;;nao;RJ;RJ;
2874;LUIZ NISHIMORI;162332;;nao;PR;PR;
2681;LUIZ OTAVIO;;;nao;;PA;sem_correspondencia
4036;LUIZ PHILIPPE DE ORLEANS E BRAGANCA;204526;;nao;SP;SP;
2828;LUIZ PITIMAN;;;nao;;DF;sem_correspondencia
3573;LUIZ SERGIO;;;nao;;RJ;sem_correspondencia
3611;LUIZA ERUNDINA;74784;;nao;SP;SP;
4060;LUIZAO GOULART;;;nao;;PR;sem_correspondencia
3710;LUIZIANNE LINS;178866;;nao;CE;CE;
4414;LULA DA FONTE;220669;;nao;PE;PE;
3711;MACEDO;;;nao;;CE;sem_correspondencia
2935;MAGDA MOFATTO;166402;;nao;GO;GO;
3631;MAGELA;;;nao;;DF;sem_correspondencia
2029;MAGNO MALTA;;631;nao;ES;ES;
3892;MAILZA GOMES;;;nao;;AC;sem_correspondencia
2611;MAINHA;;;nao;;PI;sem_correspondencia
4115;MAJOR FABIANA;;;nao;;RJ;sem_correspondencia
2597;MAJOR FABIO;;;nao;;PB;sem_correspondencia
3712;MAJOR OLIMPIO;;;nao;;SP;sem_correspondencia
9229;MAJOR OLIMPIO;;;nao;;SP;sem_correspondencia
4037;MAJOR VITOR HUGO;;;nao;;GO;sem_correspondencia
2838;MANDETTA;;;nao;;MS;sem_correspondencia
2367;MANOEL JUNIOR;;;nao;;PB;sem_correspondencia
3522;MANOEL SALVIANO;;;nao;;CE;sem_correspondencia
4159;MANUEL MARCOS;;;nao;;AC;sem_correspondencia
2562;MANUELA DAVILA;;;nao;;RS;sem_correspondencia
2807;MARA GABRILLI;;5376;nao;SP;SP;
4094;MARA GABRILLI;;5376;nao;SP;SP;
4038;MARA ROCHA;;;nao;;AC;sem_correspondencia
4415;MARANGONI;220648;;nao;SP;SP;
3409;MARCAL FILHO;;;nao;;MS;sem_correspondencia
4116;MARCEL VAN HATTEM;156190;;nao;RS;RS;
2808;MARCELO AGUIAR;;;nao;;SP;sem_correspondencia
3713;MARCELO ALVARO ANTONIO;179000;;nao;MG;MG;
3714;MARCELO ARO;;;nao;;MG;sem_correspondencia
3715;MARCELO BELINATI;;;nao;;PR;sem_correspondencia
9235;MARCELO BRUM;;;nao;;RS;sem_correspondencia
4039;MARCELO CALERO;204433;;nao;RJ;RJ;
3523;MARCELO CASTRO;;742;nao;PI;PI;
4183;MARCELO CASTRO;;742;nao;PI;PI;
2010;MARCELO CRIVELLA;220599;;nao;RJ;RJ;
4416;MARCELO CRIVELLA;220599;;nao;RJ;RJ;
3860;MARCELO DELAROLI;;;nao;;RJ;sem_correspondencia
4160;MARCELO FREIXO;;;nao;;RJ;sem_correspondencia
2786;MARCELO MATOS;;;nao;;RJ;sem_correspondencia
4040;MARCELO MORAES;133810;;nao;RS;RS;
4117;MARCELO NILO;204558;;nao;BA;BA;
4418;MARCELO QUEIROZ;160161;;nao;RJ;RJ;
9118;MARCELO RAMOS;;;nao;;AM;sem_correspondencia
3716;MARCELO SQUASSONI;;;nao;;SP;sem_correspondencia
3717;MARCIO ALVINO;178983;;nao;SP;SP;
3718;MARCIO BIOLCHI;179001;;nao;RS;RS;
3503;MARCIO BITTAR;;285;nao;AC;AC;
4078;MARCIO BITTAR;;285;nao;AC;AC;
4509;MARCIO CORREA;226410;;nao;GO;GO;
4419;MARCIO HONAISER;220687;;nao;MA;MA;
3893;MARCIO JERRY;81055;;nao;MA;MA;
4041;MARCIO LABRE;;;nao;;RJ;sem_correspondencia
2733;MARCIO MACEDO;;;nao;;SE;sem_correspondencia
2601;MARCIO MARINHO;150418;;nao;BA;BA;
4450;MARCIVANIA FLEXA (EX-PARLAMENTAR MARIA GORETH, NOS TERMOS ART. 78 LDO 2025 E DA MENSAGEM 95-CN, DE 06.11.25);;;nao;;AP;sem_correspondencia
3720;MARCO ANTONIO CABRAL;;;nao;;RJ;sem_correspondencia
4118;MARCO BERTAIOLLI;204522;;nao;SP;SP;
2077;MARCO MAIA;;;nao;;RS;sem_correspondencia
2853;MARCO TEBALDI;;;nao;;SC;sem_correspondencia
2867;MARCON;160535;;nao;RS;RS;
3533;MARCONDES GADELHA;;;nao;;PB;sem_correspondencia
3721;MARCOS ABRAO;;;nao;;GO;sem_correspondencia
4042;MARCOS AURELIO SAMPAIO;204431;;nao;PI;PI;
9204;MARCOS DO VAL;;5942;nao;ES;ES;
1722;MARCOS MEDRADO;;;nao;;BA;sem_correspondencia
2483;MARCOS MONTES;;;nao;;MG;sem_correspondencia
4161;MARCOS PEREIRA;204506;;nao;SP;SP;
4420;MARCOS POLLON;220547;;nao;MS;MS;
3722;MARCOS REATEGUI;;;nao;;AP;sem_correspondencia
2947;MARCOS ROGERIO;;5422;nao;RO;RO;
9224;MARCOS ROGERIO;;5422;nao;RO;RO;
3723;MARCOS ROTTA;;;nao;;AM;sem_correspondencia
3724;MARCOS SOARES;178943;;nao;RJ;RJ;
4421;MARCOS TAVARES;220604;;nao;RJ;RJ;
2763;MARCUS PESTANA;;;nao;;MG;sem_correspondencia
3446;MARCUS VICENTE;;;nao;;ES;sem_correspondencia
4043;MARGARETE COELHO;;;nao;;PI;sem_correspondencia
2975;MARGARIDA SALOMAO;;;nao;;MG;sem_correspondencia
4422;MARIA ARRAES;220668;;nao;PE;PE;
2331;MARIA DO CARMO ALVES;;;nao;;SE;sem_correspondencia
1983;MARIA DO ROSARIO;74398;;nao;RS;RS;
4227;MARIA ELIZA;;;nao;;RO;sem_correspondencia
1124;MARIA HELENA;;;nao;;RR;sem_correspondencia
2992;MARIA LUCIA PRANDI;;;nao;;SP;sem_correspondencia
4119;MARIA ROSAS;204540;;nao;SP;SP;
3725;MARIANA CARVALHO;;;nao;MA;RO;uf_divergente
4044;MARILIA ARRAES;;;nao;;PE;sem_correspondencia
4162;MARINA SANTOS;;;nao;;PI;sem_correspondencia
3726;MARINALDO ROSENDO;;;nao;;PE;sem_correspondencia
3430;MARINHA RAUPP;;;nao;;RO;sem_correspondencia
4423;MARIO FRIAS;220655;;nao;SP;SP;
1405;MARIO HERINGER;74158;;nao;MG;MG;
3727;MARIO NEGROMONTE JR.;178858;;nao;BA;BA;
2709;MARLLOS SAMPAIO;;;nao;;PI;sem_correspondencia
4045;MARLON SANTOS;;;nao;;RS;sem_correspondencia
3815;MARQUINHO MENDES;;;nao;;RJ;sem_correspondencia
4120;MARRECA FILHO;204566;;nao;MA;MA;
2887;MARTA SUPLICY;;;nao;;SP;sem_correspondencia
4424;MARUSSA BOLDRIN;220572;;nao;GO;GO;
3728;MARX BELTRAO;178843;;nao;AL;AL;
4425;MATHEUS NORONHA;220661;;nao;CE;CE;
4426;MAURICIO CARVALHO;220609;;nao;RO;RO;
4427;MAURICIO DO VOLEI;220628;;nao;MG;MG;
2873;MAURICIO DZIEDRICKI;;;nao;;RS;sem_correspondencia
4428;MAURICIO MARCON;220550;;nao;RS;RS;
4429;MAURICIO NEVES;220647;;nao;SP;SP;
1304;MAURICIO QUINTELLA LESSA;;;nao;;AL;sem_correspondencia
2469;MAURICIO TRINDADE;;;nao;;BA;sem_correspondencia
9010;MAURO BENEVIDES;;;nao;;CE;sem_correspondencia
4046;MAURO BENEVIDES FILHO;204486;;nao;CE;CE;
3297;MAURO LOPES;;;nao;;MG;sem_correspondencia
2384;MAURO MARIANI;;;nao;;SC;sem_correspondencia
2421;MAURO NAZIF;;;nao;;RO;sem_correspondencia
3818;MAURO PEREIRA;;;nao;;RS;sem_correspondencia
3514;MAX FILHO;;;nao;;ES;sem_correspondencia
4430;MAX LEMOS;220607;;nao;RJ;RJ;
4093;MECIAS DE JESUS;;;nao;;RR;sem_correspondencia
4431;MEIRE SERAFIM;220591;;nao;AC;AC;
3299;MENDONCA FILHO;74428;;nao;PE;PE;
1328;MENDONCA PRADO;;;nao;;SE;sem_correspondencia
3822;MERLONG SOLANO;188097;;nao;PI;PI;
4432;MERSINHO LUCENA;220585;;nao;PB;PB;
4433;MESSIAS DONATO;220530;;nao;ES;ES;
4434;MIGUEL ANGELO;171786;;nao;MG;MG;
2365;MIGUEL CORREA;;;nao;;MG;sem_correspondencia
3729;MIGUEL HADDAD;;;nao;;SP;sem_correspondencia
3730;MIGUEL LOMBARDI;178985;;nao;SP;SP;
4213;MILTON COELHO;;;nao;;PE;sem_correspondencia
3614;MILTON MONTI;;;nao;;SP;sem_correspondencia
2620;MILTON VIEIRA;154178;;nao;SP;SP;
2682;MIRIQUINHO BATISTA;;;nao;;PA;sem_correspondencia
1334;MIRO TEIXEIRA;;;nao;;RJ;sem_correspondencia
3731;MISAEL VARELLA;178895;;nao;MG;MG;
2809;MISSIONARIO JOSE OLIMPIO;160561;;nao;SP;SP;
3088;MISSIONARIO JOSE OLIMPIO (EX-PARLAMENTAR EDUARDO BOLSONARO, NOS TERMOS DA DECISAO ADPF 854, DE 03;;;nao;;SP;sem_correspondencia
3732;MOEMA GRAMACHO;;;nao;;BA;sem_correspondencia
3848;MOISES DINIZ;;;nao;;AC;sem_correspondencia
2422;MOREIRA MENDES;;;nao;;RO;sem_correspondencia
1664;MORONI TORGAN;;;nao;;CE;sem_correspondencia
3733;MOSES RODRIGUES;178997;;nao;CE;CE;
2319;MOZARILDO CAVALCANTI;;;nao;;RR;sem_correspondencia
4435;MURILLO GOUVEA;220617;;nao;RJ;RJ;
4436;MURILO GALDINO;220584;;nao;PB;PB;
3411;NARCIO RODRIGUES;;;nao;;MG;sem_correspondencia
4163;NATALIA BONAVIDES;204453;;nao;RN;RN;
4181;NELSINHO TRAD;;5985;nao;MS;MS;
4181;NELSINHO TRAD FILHO;;;nao;;MS;sem_correspondencia
4047;NELSON BARBUDO;204449;;nao;MT;MT;
2868;NELSON MARCHEZAN JUNIOR;;;nao;;RS;sem_correspondencia
1818;NELSON MARQUEZELLI;;;nao;;SP;sem_correspondencia
3309;NELSON MEURER;;;nao;;PR;sem_correspondencia
2845;NELSON PADOVANI;;;nao;;PR;sem_correspondencia
3564;NELSON PELLEGRINO;;;nao;;BA;sem_correspondencia
4437;NELY AQUINO;220622;;nao;MG;MG;
4121;NEREU CRISPIM;;;nao;;RS;sem_correspondencia
2586;NERI GELLER;;;nao;;MT;sem_correspondencia
4438;NETO CARLETTO;220703;;nao;BA;BA;
1418;NEUCIMAR FRAGA;;;nao;;ES;sem_correspondencia
4542;NEWTON BONIN;229939;;nao;PR;PR;
3311;NEWTON CARDOSO;;;nao;;MG;sem_correspondencia
3734;NEWTON CARDOSO JR;178896;;nao;MG;MG;
2810;NEWTON LIMA;;;nao;;SP;sem_correspondencia
4048;NEY LEPREVOST;;;nao;;PR;sem_correspondencia
3510;NICE LOBAO;;;nao;;MA;sem_correspondencia
4164;NICOLETTI;204479;;nao;RR;RR;
4439;NIKOLAS FERREIRA;209787;;nao;MG;MG;
2713;NILDA GONDIM;;;nao;;PB;sem_correspondencia
4218;NILDA GONDIM;;;nao;;PB;sem_correspondencia
1744;NILMARIO MIRANDA;;;nao;;MG;sem_correspondencia
2936;NILSON LEITAO;;;nao;;MT;sem_correspondencia
3492;NILSON PINTO;;;nao;;PA;sem_correspondencia
3735;NILTO TATTO;178986;;nao;SP;SP;
3499;NILTON CAPIXABA;;;nao;;RO;sem_correspondencia
3839;NIVALDO ALBUQUERQUE;194260;;nao;AL;AL;
3858;NORMA AYUB;;;nao;;ES;sem_correspondencia
1407;ODAIR CUNHA;74159;;nao;MG;MG;
1745;ODELMO LEAO;;;nao;;MG;sem_correspondencia
3314;ODILIO BALBINOTTI;;;nao;;PR;sem_correspondencia
3736;ODORICO MONTEIRO;;;nao;;CE;sem_correspondencia
4049;OLIVAL MARQUES;204498;;nao;PA;PA;
3794;OMAR AZIZ;;5525;nao;AM;AM;
2854;ONOFRE SANTO AGOSTINI;;;nao;;SC;sem_correspondencia
1984;ONYX LORENZONI;;;nao;;RS;sem_correspondencia
4089;ORIOVISTO GUIMARAES;;5924;nao;PR;PR;
3737;ORLANDO SILVA;178987;;nao;SP;SP;
4122;OSIRES DAMASO;;;nao;;TO;sem_correspondencia
3814;OSMAR BERTOLDI;;;nao;;PR;sem_correspondencia
2360;OSMAR JUNIOR;;;nao;;PI;sem_correspondencia
3650;OSMAR SERRAGLIO;;;nao;;PR;sem_correspondencia
9048;OSMAR TERRA;73692;;nao;RS;RS;
4050;OSSESIO SILVA;204422;;nao;PE;PE;
1640;OSVALDO REIS;;;nao;;TO;sem_correspondencia
4165;OTACI NASCIMENTO;;;nao;;RR;sem_correspondencia
2510;OTAVIO LEITE;;;nao;;RJ;sem_correspondencia
4051;OTONI DE PAULA;204441;;nao;RJ;RJ;
2811;OTONIEL LIMA;;;nao;;SP;sem_correspondencia
4165;OTTACI NASCIMENTO;;;nao;;RR;sem_correspondencia
3795;OTTO ALENCAR;;5523;nao;BA;BA;
4123;OTTO ALENCAR FILHO;204573;;nao;BA;BA;
2748;OZIEL OLIVEIRA;;;nao;;BA;sem_correspondencia
4440;PADOVANI;220706;;nao;PR;PR;
2764;PADRE JOAO;160556;;nao;MG;MG;
2685;PADRE TON;;;nao;;RO;sem_correspondencia
1168;PAES LANDIM;;;nao;;PI;sem_correspondencia
4441;PASTOR DINIZ;180214;;nao;RR;RR;
2724;PASTOR EURICO;160642;;nao;PE;PE;
3820;PASTOR FRANKLIN;;;nao;;MG;sem_correspondencia
4052;PASTOR GIL;204570;;nao;MA;MA;
4052;PASTOR GILDENEMYR;;;nao;;MA;sem_correspondencia
4442;PASTOR HENRIQUE VIEIRA;220615;;nao;RJ;RJ;
4166;PASTOR SARGENTO ISIDORIO;204553;;nao;BA;BA;
3851;PASTOR VALADARES;;;nao;;RO;sem_correspondencia
4196;PATRICIA FERRAZ;;;nao;;AP;sem_correspondencia
1408;PATRUS ANANIAS;74160;;nao;MG;MG;
1622;PAUDERNEY AVELINO;74095;;nao;AM;AM;
4053;PAULA BELMONTE;;;nao;;DF;sem_correspondencia
2973;PAULAO;171617;;nao;AL;AL;
2532;PAULINHO DA FORCA;141518;;nao;SP;SP;
4443;PAULINHO FREIRE;220627;;nao;RN;RN;
2487;PAULO ABI-ACKEL;141516;;nao;MG;MG;
4444;PAULO ALEXANDRE BARBOSA;220650;;nao;SP;SP;
3738;PAULO AZI;178860;;nao;BA;BA;
2906;PAULO BAUER;;;nao;;SC;sem_correspondencia
4124;PAULO BENGTSON;;;nao;;PA;sem_correspondencia
3320;PAULO BORNHAUSEN;;;nao;;SC;sem_correspondencia
2671;PAULO CESAR QUARTIERO;;;nao;;RR;sem_correspondencia
2902;PAULO DAVIM;;;nao;;RN;sem_correspondencia
3836;PAULO EDUARDO MARTINS;;;nao;;PR;sem_correspondencia
3322;PAULO FEIJO;;;nao;;RJ;sem_correspondencia
2774;PAULO FOLETTO;160517;;nao;ES;ES;
2774;PAULO FOLLETTO;160517;;nao;ES;ES;
2813;PAULO FREIRE;;;nao;;SP;sem_correspondencia
2813;PAULO FREIRE COSTA;160558;;nao;SP;SP;
4054;PAULO GANIME;;;nao;;RJ;sem_correspondencia
4167;PAULO GUEDES;204492;;nao;MG;MG;
4556;PAULO LEMOS;233592;;nao;AP;AP;
4477;PAULO LEMOS (EX-PARLAMENTAR SILVIA WAIAPI, NOS TERMOS ART. 78 LDO 2025 E DA MENSAGEM 95-CN, DE 06.11.25);;;nao;;AP;sem_correspondencia
4445;PAULO LITRO;220685;;nao;PR;PR;
3568;PAULO MAGALHAES;74574;;nao;BA;BA;
2531;PAULO MALUF;;;nao;;SP;sem_correspondencia
2960;PAULO MARINHO JR;128760;;nao;MA;MA;
2023;PAULO PAIM;;825;nao;RS;RS;
2532;PAULO PEREIRA DA SILVA;;;nao;;SP;sem_correspondencia
1986;PAULO PIMENTA;74400;;nao;RS;RS;
1338;PAULO RAMOS;;;nao;;RJ;sem_correspondencia
3796;PAULO ROCHA;;;nao;;PA;sem_correspondencia
1297;PAULO RUBEM SANTIAGO;;;nao;;PE;sem_correspondencia
2534;PAULO TEIXEIRA;141488;;nao;SP;SP;
2710;PAULO WAGNER;;;nao;;RN;sem_correspondencia
4446;PEDRO AIHARA;220630;;nao;MG;MG;
4055;PEDRO AUGUSTO BEZERRA;;;nao;;CE;sem_correspondencia
4214;PEDRO AUGUSTO PALARETI;;;nao;;RJ;sem_correspondencia
4447;PEDRO CAMPOS;220667;;nao;PE;PE;
3672;PEDRO CHAVES;;;nao;;GO;sem_correspondencia
3843;PEDRO CHAVES;;;nao;;MS;sem_correspondencia
3843;PEDRO CHAVES DOS SANTOS FILHO;;;nao;;MS;sem_correspondencia
3739;PEDRO CUNHA LIMA;;;nao;;PB;sem_correspondencia
4225;PEDRO DALUA;;;nao;;AP;sem_correspondencia
3511;PEDRO FERNANDES;;;nao;;MA;sem_correspondencia
4125;PEDRO LUCAS FERNANDES;122974;;nao;MA;MA;
4056;PEDRO LUPION;204395;;nao;PR;PR;
1649;PEDRO NOVAIS;;;nao;;MA;sem_correspondencia
2787;PEDRO PAULO;122158;;nao;RJ;RJ;
3672;PEDRO PINHEIRO CHAVES;;;nao;;GO;sem_correspondencia
2892;PEDRO TAQUES;;;nao;;MT;sem_correspondencia
2855;PEDRO UCZAI;160604;;nao;SC;SC;
3740;PEDRO VILELA;;;nao;;AL;sem_correspondencia
4168;PEDRO WESTPHALEN;204406;;nao;RS;RS;
2814;PENNA;;;nao;;SP;sem_correspondencia
2400;PEPE VARGAS;;;nao;;RS;sem_correspondencia
1197;PERPETUA ALMEIDA;;;nao;;AC;sem_correspondencia
4448;PEZENTI;161440;;nao;SC;SC;
4057;PINHEIRINHO;204524;;nao;MG;MG;
2433;PINTO ITAMARATY;;;nao;;MA;sem_correspondencia
3853;PINTO ITAMARATY;;;nao;;MA;sem_correspondencia
4137;PLINIO VALERIO;;5502;nao;AM;AM;
2829;POLICARPO;;;nao;;DF;sem_correspondencia
4126;POLICIAL KATIA SASTRE;;;nao;;SP;sem_correspondencia
3666;POMPEO DE MATTOS;73486;;nao;RS;RS;
2812;PR. MARCO FELICIANO;160601;;nao;SP;SP;
4497;PROF. PAULO FERNANDO;89536;;nao;DF;DF;
4449;PROF. REGINALDO VERAS;220533;;nao;DF;DF;
4058;PROFESSOR ALCIDES;204390;;nao;GO;GO;
4169;PROFESSOR ISRAEL BATISTA;;;nao;;DF;sem_correspondencia
4059;PROFESSOR JOZIEL;;;nao;;RJ;sem_correspondencia
3879;PROFESSOR PACCO;;;nao;;DF;sem_correspondencia
2434;PROFESSOR SETIMO;;;nao;;MA;sem_correspondencia
2593;PROFESSOR VICTORIO GALLI;;;nao;;MT;sem_correspondencia
3741;PROFESSOR VICTORIO GALLI;;;nao;;MT;sem_correspondencia
4170;PROFESSORA DAYANE PIMENTEL;;;nao;;BA;sem_correspondencia
4275;PROFESSORA DORINHA SEABRA;;5386;nao;TO;TO;
2693;PROFESSORA DORINHA SEABRA REZENDE;;;nao;;TO;sem_correspondencia
4450;PROFESSORA GORETH;220580;;nao;AP;AP;
4451;PROFESSORA LUCIENE CAVALCANTE;221338;;nao;SP;SP;
2675;PROFESSORA MARCIVANIA;160641;;nao;AP;AP;
4061;PROFESSORA ROSA NEIDE;;;nao;;MT;sem_correspondencia
4406;RAFAEL BENTO (EX-PARLAMENTAR LEBRAO, NOS TERMOS ART. 78 LDO 2025 E DA MENSAGEM 95-CN, DE 06.11.25);;;nao;;RO;sem_correspondencia
4452;RAFAEL BRITO;220586;;nao;AL;AL;
4557;RAFAEL FERA;233594;;nao;RO;RO;
3742;RAFAEL MOTTA;;;nao;;RN;sem_correspondencia
4453;RAFAEL PRUDENTE;220532;;nao;DF;DF;
4454;RAFAEL SIMOES;220626;;nao;MG;MG;
4128;RAIMUNDO COSTA;204567;;nao;BA;BA;
3433;RAIMUNDO GOMES DE MATOS;;;nao;;CE;sem_correspondencia
2127;RAIMUNDO LIRA;;;nao;;PB;sem_correspondencia
3328;RAIMUNDO SANTOS;74084;;nao;PA;PA;
2919;RANDOLFE RODRIGUES;;5012;nao;AP;AP;
3743;RAQUEL MUNIZ;;;nao;;MG;sem_correspondencia
2220;RATINHO JUNIOR;;;nao;;PR;sem_correspondencia
2457;RAUL HENRY;;;nao;;PE;sem_correspondencia
1299;RAUL JUNGMANN;;;nao;;PE;sem_correspondencia
2672;RAUL LIMA;;;nao;;RR;sem_correspondencia
2165;REBECCA GARCIA;;;nao;;AM;sem_correspondencia
3797;REGINA SOUSA;;;nao;;PI;sem_correspondencia
1411;REGINALDO LOPES;74161;;nao;MG;MG;
4455;REGINETE BISPO;221378;;nao;RS;RS;
2830;REGUFFE;;;nao;;DF;sem_correspondencia
3798;REGUFFE;;;nao;;DF;sem_correspondencia
4456;REIMONT;220606;;nao;RJ;RJ;
2839;REINALDO AZAMBUJA;;;nao;;MS;sem_correspondencia
1874;REINHOLD STEPHANES;205865;;nao;PR;PR;
4192;REINHOLD STEPHANES JUNIOR;;;nao;;PR;sem_correspondencia
3744;REJANE DIAS;;;nao;;PI;sem_correspondencia
3745;REMIDIO MONAI;;;nao;;RR;sem_correspondencia
2289;RENAN CALHEIROS;;70;nao;AL;AL;
3746;RENATA ABREU;178989;;nao;SP;SP;
2976;RENATO ANDRADE;;;nao;;MG;sem_correspondencia
2565;RENATO MOLLING;;;nao;;RS;sem_correspondencia
2989;RENATO SIMOES;;;nao;;SP;sem_correspondencia
4457;RENILCE NICODEMOS;153423;;nao;PA;PA;
1690;RENILDO CALHEIROS;73801;;nao;PE;PE;
2765;RENZO BRAZ;;5257;nao;MG;MG;
4200;RIBAMAR ANTONIO DA SILVA (EX-PARLAMENTAR RICARDO SILVA, NOS TERMOS ART. 78 LDO 2025 E DA MENSAGEM 95-CN, DE 06.11.25);;;nao;;SP;sem_correspondencia
4545;RIBAMAR SILVA;175765;;nao;SP;SP;
4458;RICARDO ABRAO;221329;;nao;RJ;RJ;
4459;RICARDO AYRES;220543;;nao;TO;TO;
3332;RICARDO BARROS;73788;;nao;PR;PR;
3852;RICARDO BENTINHO;;;nao;;SP;sem_correspondencia
4211;RICARDO DA KAROL;;;nao;;RJ;sem_correspondencia
2899;RICARDO FERRACO;;;nao;;ES;sem_correspondencia
4062;RICARDO GUIDI;204362;;nao;SC;SC;
2815;RICARDO IZAR;;;nao;;SP;sem_correspondencia
4460;RICARDO MAIA;220694;;nao;BA;BA;
4461;RICARDO SALLES;220633;;nao;SP;SP;
4200;RICARDO SILVA;213274;;nao;SP;SP;
3747;RICARDO TEOBALDO;;;nao;;PE;sem_correspondencia
2538;RICARDO TRIPOLI;;;nao;;SP;sem_correspondencia
9162;ROBERIO MONTEIRO;204489;;nao;CE;CE;
4462;ROBERTA ROMA;220693;;nao;BA;BA;
2615;ROBERTO ALVES;;;nao;;SP;sem_correspondencia
1478;ROBERTO BALESTRA;;;nao;;GO;sem_correspondencia
2470;ROBERTO BRITTO;;;nao;;BA;sem_correspondencia
2816;ROBERTO DE LUCENA;;;nao;;SP;sem_correspondencia
2824;ROBERTO DORNER;;;nao;;MT;sem_correspondencia
4463;ROBERTO DUARTE;220588;;nao;AC;AC;
1234;ROBERTO FREIRE;;;nao;;SP;sem_correspondencia
3748;ROBERTO GOES;;;nao;;AP;sem_correspondencia
4464;ROBERTO MONTEIRO PAI;220613;;nao;RJ;RJ;
3845;ROBERTO MUNIZ;;;nao;;BA;sem_correspondencia
3340;ROBERTO PESSOA;;;nao;;CE;sem_correspondencia
2281;ROBERTO REQUIAO;;;nao;;PR;sem_correspondencia
3811;ROBERTO ROCHA;;;nao;;MA;sem_correspondencia
3749;ROBERTO SALES;;;nao;;RJ;sem_correspondencia
2539;ROBERTO SANTIAGO;;;nao;;SP;sem_correspondencia
2725;ROBERTO TEIXEIRA;;;nao;;PE;sem_correspondencia
4465;ROBINSON FARIA;220624;;nao;RN;RN;
3780;ROCHA;;;nao;;AC;sem_correspondencia
4466;RODOLFO NOGUEIRA;220546;;nao;MS;MS;
4063;RODRIGO AGOSTINHO;;;nao;;SP;sem_correspondencia
4129;RODRIGO COELHO;;;nao;;SC;sem_correspondencia
4178;RODRIGO CUNHA;;;nao;;AL;sem_correspondencia
4548;RODRIGO DA ZAELI;230767;;nao;MT;MT;
4290;RODRIGO DA ZAELI (EX-PARLAMENTAR ABILIO BRUNINI, NOS TERMOS ART. 78 LDO 2025 E DA MENSAGEM 95-CN, DE 06.11.25);;;nao;;MT;sem_correspondencia
2488;RODRIGO DE CASTRO;141531;;nao;MG;MG;
4468;RODRIGO GAMBALE;220641;;nao;SP;SP;
2875;RODRIGO GARCIA;;;nao;;SP;sem_correspondencia
3578;RODRIGO MAIA;;;nao;;RJ;sem_correspondencia
3750;RODRIGO MARTINS;;;nao;;PI;sem_correspondencia
3751;RODRIGO PACHECO;;;nao;;MG;sem_correspondencia
4140;RODRIGO PACHECO;;;nao;;MG;sem_correspondencia
2553;RODRIGO ROLLEMBERG;141533;;nao;DF;;
2916;RODRIGO ROLLEMBERG;141533;;nao;DF;DF;
4385;RODRIGO ROLLEMBERG (EX-PARLAMENTAR GILVAN MAXIMO, NOS TERMOS ART. 78 LDO 2025 E DA MENSAGEM 95-CN, DE 06.11.25);;;nao;;GO;sem_correspondencia
4469;RODRIGO VALADARES;165470;;nao;SE;SE;
4470;ROGERIA SANTOS;220695;;nao;BA;BA;
2734;ROGERIO CARVALHO;;5352;nao;SE;SE;
4095;ROGERIO CARVALHO;;5352;nao;SE;SE;
4064;ROGERIO CORREIA;204480;;nao;MG;MG;
2447;ROGERIO MARINHO;;4694;nao;RN;RN;
4276;ROGERIO MARINHO;;4694;nao;RN;RN;
2856;ROGERIO PENINHA MENDONCA;;;nao;;SC;sem_correspondencia
2662;ROGERIO ROSSO;;;nao;;DF;sem_correspondencia
3095;ROMAN;;;nao;;PR;sem_correspondencia
2788;ROMARIO;;5322;nao;RJ;RJ;
3799;ROMARIO;;5322;nao;RJ;RJ;
2282;ROMERO JUCA;;;nao;;RR;sem_correspondencia
2714;ROMERO RODRIGUES;160629;;nao;PB;PB;
2450;ROMULO GOUVEIA;;;nao;;PB;sem_correspondencia
2857;RONALDO BENEDET;;;nao;;SC;sem_correspondencia
1846;RONALDO CAIADO;;;nao;;GO;sem_correspondencia
3800;RONALDO CAIADO;;;nao;;GO;sem_correspondencia
3752;RONALDO CARLETTO;;;nao;;BA;sem_correspondencia
2831;RONALDO FONSECA;;;nao;;DF;sem_correspondencia
3753;RONALDO LESSA;;;nao;;AL;sem_correspondencia
3754;RONALDO MARTINS;;;nao;;CE;sem_correspondencia
2922;RONALDO NOGUEIRA;163321;;nao;RS;RS;
2869;RONALDO ZULKE;;;nao;;RS;sem_correspondencia
3755;RONEY NEMER;;;nao;;DF;sem_correspondencia
4171;ROSANA VALLE;204525;;nao;SP;SP;
2846;ROSANE FERREIRA;;;nao;;PR;sem_correspondencia
3826;ROSANGELA CURADO;;;nao;;MA;sem_correspondencia
3756;ROSANGELA GOMES;178945;;nao;RJ;RJ;
4471;ROSANGELA MORO;220644;;nao;SP;SP;
4472;ROSANGELA REIS;220620;;nao;MG;MG;
1301;ROSE DE FREITAS;;;nao;;ES;sem_correspondencia
3801;ROSE DE FREITAS;;;nao;;ES;sem_correspondencia
4065;ROSE MODESTO;;;nao;;MS;sem_correspondencia
1651;ROSEANA SARNEY;73806;;nao;MA;MA;
2729;ROSINHA DA ADEFAL;;;nao;;AL;sem_correspondencia
3757;ROSSONI;;;nao;;PR;sem_correspondencia
2981;RUBEN FIGUEIRO;;;nao;;MS;sem_correspondencia
1876;RUBENS BUENO;;;nao;;PR;sem_correspondencia
1960;RUBENS OTONI;74371;;nao;GO;GO;
3758;RUBENS PEREIRA JUNIOR;178887;;nao;MA;MA;
2749;RUI COSTA;;;nao;;BA;sem_correspondencia
9032;RUI FALCAO;73604;;nao;SP;SP;
2715;RUY CARNEIRO;160635;;nao;PB;PB;
2418;SABINO CASTELO BRANCO;;;nao;;AM;sem_correspondencia
2825;SAGUAS MORAES;;;nao;;MT;sem_correspondencia
3349;SALVADOR ZIMBALDI;;;nao;;SP;sem_correspondencia
4130;SAMIA BOMFIM;204535;;nao;SP;SP;
3759;SAMUEL MOREIRA;;;nao;;SP;sem_correspondencia
4560;SAMUEL SANTOS;233598;;nao;GO;GO;
4473;SAMUEL VIANA;220631;;nao;MG;MG;
4073;SANDERSON;204416;;nao;RS;RS;
1961;SANDES JUNIOR;;;nao;;GO;sem_correspondencia
3802;SANDRA BRAGA;;;nao;;AM;sem_correspondencia
1262;SANDRA ROSADO;;;nao;;RN;sem_correspondencia
2847;SANDRO ALEX;160621;;nao;PR;PR;
3350;SANDRO MABEL;;;nao;;GO;sem_correspondencia
3351;SARAIVA FELIPE;;;nao;;MG;sem_correspondencia
4066;SARGENTO FAHUR;204387;;nao;PR;PR;
4474;SARGENTO GONCALVES;220621;;nao;RN;RN;
4475;SARGENTO PORTUGAL;220618;;nao;RJ;RJ;
1159;SARNEY FILHO;;;nao;;MA;sem_correspondencia
4476;SAULLO VIANNA;220713;;nao;AM;AM;
4512;SAULO PEDROSO;226837;;nao;SP;SP;
4172;SCHIAVINATO;;;nao;;PR;sem_correspondencia
2411;SEBASTIAO BALA ROCHA;;;nao;;AP;sem_correspondencia
3760;SEBASTIAO OLIVEIRA;;;nao;;PE;sem_correspondencia
2471;SERGIO BRITO;73808;;nao;BA;BA;
2566;SERGIO MORAES;;;nao;;RS;sem_correspondencia
4277;SERGIO MORO;;6331;nao;PR;PR;
2914;SERGIO PETECAO;;4560;nao;AC;AC;
3761;SERGIO REIS;;;nao;;SP;sem_correspondencia
3809;SERGIO SOUZA;178933;;nao;PR;PR;
4067;SERGIO TOLEDO;;;nao;;AL;sem_correspondencia
3762;SERGIO VIDIGAL;;;nao;;ES;sem_correspondencia
2789;SERGIO ZVEITER;;;nao;;RJ;sem_correspondencia
4131;SEVERINO PESSOA;;;nao;;AL;sem_correspondencia
3763;SHERIDAN;;;nao;;RR;sem_correspondencia
2687;SIBA MACHADO;;;nao;;AC;sem_correspondencia
4068;SIDNEY LEITE;204557;;nao;AM;AM;
3357;SILAS BRASILEIRO;;;nao;;MG;sem_correspondencia
3496;SILAS CAMARA;74356;;nao;AM;AM;
3821;SILAS FREIRE;;;nao;;PI;sem_correspondencia
4173;SILVIA CRISTINA;204360;;nao;RO;RO;
4477;SILVIA WAIAPI;220579;;nao;AP;AP;
4513;SILVIO ANTONIO;227310;;nao;MA;MA;
2355;SILVIO COSTA;;;nao;;PE;sem_correspondencia
4069;SILVIO COSTA FILHO;204425;;nao;PE;PE;
3360;SILVIO TORRES;;;nao;;SP;sem_correspondencia
4478;SILVYE ALVES;220569;;nao;GO;GO;
1345;SIMAO SESSIM;;;nao;;RJ;sem_correspondencia
4479;SIMONE MARQUETTO;220651;;nao;SP;SP;
3764;SIMONE MORGADO;;;nao;;PA;sem_correspondencia
3803;SIMONE TEBET;;;nao;;MS;sem_correspondencia
2951;SIMPLICIO ARAUJO;;;nao;;MA;sem_correspondencia
4480;SOCORRO NERI;104552;;nao;AC;AC;
4481;SONIZE BARBOSA;220575;;nao;AP;AP;
3765;SORAYA SANTOS;178946;;nao;RJ;RJ;
4086;SORAYA THRONICKE;;5988;nao;MS;MS;
3766;SOSTENES CAVALCANTE;178947;;nao;RJ;RJ;
2924;STEFANO AGUIAR;92776;;nao;MG;MG;
4142;STYVENSON VALENTIM;;5959;nao;RN;RN;
2994;SUBTENENTE GONZAGA;;;nao;;MG;sem_correspondencia
2493;SUELI VIDIGAL;;;nao;;ES;sem_correspondencia
4132;TABATA AMARAL;204534;;nao;SP;SP;
3767;TADEU ALENCAR;;;nao;;PE;sem_correspondencia
4544;TADEU OLIVEIRA;230177;;nao;CE;CE;
4482;TADEU VENERI;220682;;nao;PR;PR;
1970;TAKAYAMA;;;nao;;PR;sem_correspondencia
4070;TALIRIA PETRONE;204464;;nao;RJ;RJ;
1829;TAMPINHA;;;nao;;MT;sem_correspondencia
4483;TARCISIO MOTTA;220598;;nao;RJ;RJ;
2025;TASSO JEREISSATI;;;nao;;CE;sem_correspondencia
2688;TAUMATURGO LIMA;;;nao;;AC;sem_correspondencia
4097;TED CONTI;;;nao;;ES;sem_correspondencia
3804;TELMARIO MOTA;;;nao;;RR;sem_correspondencia
3768;TENENTE LUCIO;;;nao;;MG;sem_correspondencia
4278;TERESA LEITAO;;6338;nao;PE;PE;
3769;TEREZA CRISTINA;;5736;nao;MS;MS;
4279;TEREZA CRISTINA;;5736;nao;MS;MS;
4174;TEREZA NELMA;;;nao;;AL;sem_correspondencia
4485;THIAGO DE JOALDO;220560;;nao;SE;SE;
4486;THIAGO FLORES;220597;;nao;RO;RO;
2835;THIAGO PEIXOTO;;;nao;;GO;sem_correspondencia
3770;TIA ERON;;;nao;;BA;sem_correspondencia
4071;TIAGO DIMAS;143084;;nao;TO;TO;
2429;TIAGO DIMAS (EX-PARLAMENTAR LAZARO BOTELHO, NOS TERMOS ART. 78 LDO 2025 E DA MENSAGEM 95-CN, DE 06.11.25);;;nao;;TO;sem_correspondencia
4133;TIAGO MITRAUD;;;nao;;MG;sem_correspondencia
4487;TIAO MEDEIROS;220684;;nao;PR;PR;
2818;TIRIRICA;160976;;nao;SP;SP;
4072;TITO;;;nao;;BA;sem_correspondencia
2766;TONINHO PINHEIRO;;;nao;;MG;sem_correspondencia
3771;TONINHO WANDSCHEER;178934;;nao;PR;PR;
4175;TULIO GADELHA;157130;;nao;PE;PE;
3772;ULDURICO JUNIOR;;;nao;;BA;sem_correspondencia
3859;VAIDON OLIVEIRA;;;nao;;CE;sem_correspondencia
2462;VALADARES FILHO;;;nao;;SE;sem_correspondencia
4134;VALDEVAN NOVENTA;;;nao;;SE;sem_correspondencia
1063;VALDIR COLATTO;;;nao;;SC;sem_correspondencia
2048;VALDIR RAUPP;;;nao;;RO;sem_correspondencia
2750;VALMIR ASSUNCAO;160610;;nao;BA;BA;
3773;VALMIR PRASCIDELLI;;;nao;;SP;sem_correspondencia
2550;VALTENIR PEREIRA;;;nao;;MT;sem_correspondencia
1451;VANDER LOUBET;74376;;nao;MS;MS;
4083;VANDERLAN CARDOSO;;5899;nao;GO;GO;
2366;VANDERLEI MACRIS;;;nao;;SP;sem_correspondencia
2944;VANDERLEI SIRAQUE;;;nao;;SP;sem_correspondencia
2910;VANESSA GRAZZIOTIN;;;nao;;AM;sem_correspondencia
4187;VAVA MARTINS;;;nao;;PA;sem_correspondencia
2819;VAZ DE LIMA;;;nao;;SP;sem_correspondencia
3774;VENEZIANO VITAL DO REGO;;5748;nao;PB;PB;
4088;VENEZIANO VITAL DO REGO;;5748;nao;PB;PB;
4074;VERMELHO;204396;;nao;PR;PR;
3376;VICENTE ARRUDA;;;nao;;CE;sem_correspondencia
2820;VICENTE CANDIDO;;;nao;;SP;sem_correspondencia
1997;VICENTINHO;74283;;nao;SP;SP;
2918;VICENTINHO ALVES;;;nao;;TO;sem_correspondencia
3775;VICENTINHO JUNIOR;137070;;nao;TO;TO;
3776;VICTOR MENDES;;;nao;;MA;sem_correspondencia
2567;VIEIRA DA CUNHA;;;nao;;RS;sem_correspondencia
2921;VILALBA;;;nao;;PE;sem_correspondencia
1064;VILMAR ROCHA;;;nao;;GO;sem_correspondencia
2568;VILSON COVATTI;;;nao;;RS;sem_correspondencia
4176;VILSON DA FETAEMG;;;nao;;MG;sem_correspondencia
2517;VINICIUS CARVALHO;141555;;nao;SP;SP;
4075;VINICIUS FARAH;;;nao;;RJ;sem_correspondencia
2676;VINICIUS GURGEL;160591;;nao;AP;AP;
4135;VINICIUS POIT;;;nao;;SP;sem_correspondencia
2600;VIRGINIO DE CARVALHO;;;nao;;SE;sem_correspondencia
2896;VITAL DO REGO;;;nao;;PB;sem_correspondencia
4037;VITOR HUGO;;;nao;;GO;sem_correspondencia
3777;VITOR LIPPI;178992;;nao;SP;SP;
2792;VITOR PAULO;;;nao;;DF;sem_correspondencia
2489;VITOR PENIDO;;;nao;;MG;sem_correspondencia
3778;VITOR VALIM;;;nao;;CE;sem_correspondencia
4215;VIVI REIS;;;nao;;PA;sem_correspondencia
3823;WADIH DAMOUS;;;nao;;RJ;sem_correspondencia
3023;WADSON RIBEIRO;;;nao;;MG;sem_correspondencia
4488;WALDEMAR OLIVEIRA;91228;;nao;PE;PE;
2915;WALDEMIR MOKA;;;nao;;MS;sem_correspondencia
2751;WALDENOR PEREIRA;160569;;nao;BA;BA;
2435;WALDIR MARANHAO;;;nao;;MA;sem_correspondencia
2793;WALNEY ROCHA;;;nao;;RJ;sem_correspondencia
3779;WALTER ALVES;;;nao;;RN;sem_correspondencia
2545;WALTER IHOSHI;;;nao;;SP;sem_correspondencia
2880;WALTER PINHEIRO;;;nao;;BA;sem_correspondencia
2767;WALTER TOSTA;;;nao;;MG;sem_correspondencia
2415;WANDENKOLK GONCALVES;;;nao;;PA;sem_correspondencia
4489;WASHINGTON QUAQUA;220601;;nao;RJ;RJ;
2794;WASHINGTON REIS;;;nao;;RJ;sem_correspondencia
2768;WELITON PRADO;160518;;nao;MG;MG;
2901;WELLINGTON DIAS;;;nao;;PI;sem_correspondencia
1831;WELLINGTON FAGUNDES;;1173;nao;MT;MT;
3805;WELLINGTON FAGUNDES;;1173;nao;MT;MT;
1277;WELLINGTON ROBERTO;74043;;nao;PB;PB;
4500;WELTER;224333;;nao;PR;PR;
4084;WEVERTON;;5411;nao;MA;MA;
2942;WEVERTON ROCHA;;;nao;;MA;sem_correspondencia
2969;WILDER MORAIS;;5070;nao;GO;GO;
2821;WILLIAM DIB;;;nao;;SP;sem_correspondencia
3832;WILSON BESERRA;;;nao;;RJ;sem_correspondencia
2716;WILSON FILHO;;;nao;;PB;sem_correspondencia
1283;WILSON SANTIAGO;74044;;nao;PB;PB;
1141;WLADIMIR COSTA;;;nao;;PA;sem_correspondencia
4177;WLADIMIR GAROTINHO;;;nao;;RJ;sem_correspondencia
3387;WOLNEY QUEIROZ;;;nao;;PE;sem_correspondencia
4490;YANDRA MOURA;220564;;nao;SE;SE;
3388;YEDA CRUSIUS;;;nao;;RS;sem_correspondencia
4491;YURY DO PAREDAO;220660;;nao;CE;CE;
4546;ZE ADRIANO;230768;;nao;AC;AC;
4382;ZE ADRIANO (EX-PARLAMENTAR GERLEN DINIZ, NOS TERMOS ART. 78 LDO 2025 E DA MENSAGEM 95-CN, DE 06.11.25);;;nao;;AC;sem_correspondencia
3828;ZE AUGUSTO NALIN;;;nao;;RJ;sem_correspondencia
3781;ZE CARLOS;;;nao;;MA;sem_correspondencia
1142;ZE GERALDO;;;nao;;PA;sem_correspondencia
4492;ZE HAROLDO CATHEDRAL;220536;;nao;RR;RR;
9191;ZE NETO;204559;;nao;BA;BA;
2769;ZE SILVA;160632;;nao;MG;MG;
4493;ZE TROVAO;220558;;nao;SC;SC;
2614;ZE VIEIRA;;;nao;;MA;sem_correspondencia
4077;ZE VITOR;204517;;nao;MG;MG;
3782;ZECA CAVALCANTI;;;nao;;PE;sem_correspondencia
2849;ZECA DIRCEU;160592;;nao;PR;PR;
3783;ZECA DO PT;;;nao;;MS;sem_correspondencia
3784;ZENAIDE MAIA;;5783;nao;RN;RN;
4091;ZENAIDE MAIA;;5783;nao;RN;RN;
1146;ZEQUINHA MARINHO;;3806;nao;PA;PA;
4182;ZEQUINHA MARINHO;;3806;nao;PA;PA;
2938;ZEZE PERRELLA;;;nao;;MG;sem_correspondencia
4494;ZEZINHO BARBARY;220592;;nao;AC;AC;
2795;ZOINHO;;;nao;;RJ;sem_correspondencia
4484;ZUCCO;220552;;nao;RS;RS;
